id,texto,rotulo
1,Acordei animado e com vontade de começar o dia.,positivo
2,Foi muito bom conversar com meus amigos ontem.,positivo
3,Estou orgulhoso do resultado que consegui no trabalho.,positivo
4,Hoje encontrei uma solução para um problema difícil.,positivo
5,Sinto esperança de que as coisas vão melhorar.,positivo
6,Recebi uma mensagem carinhosa e fiquei contente.,positivo
7,Consegui descansar e estou me sentindo renovado.,positivo
8,Estou satisfeito com o progresso dos meus estudos.,positivo
9,Foi uma surpresa agradável encontrar minha família.,positivo
10,Terminei a tarefa e fiquei aliviado com o resultado.,positivo
11,O dia está normal e não tenho uma opinião forte.,neutro
12,Estou pensando no que farei durante o fim de semana.,neutro
13,A reunião aconteceu conforme o planejado.,neutro
14,Ainda estou avaliando as opções antes de decidir.,neutro
15,Recebi a informação e vou analisá-la com calma.,neutro
16,Hoje trabalhei nas atividades habituais.,neutro
17,Não sei dizer ainda como me sinto sobre isso.,neutro
18,A situação mudou pouco desde ontem.,neutro
19,Estou observando os acontecimentos antes de responder.,neutro
20,Tenho uma expectativa moderada para a próxima semana.,neutro
21,Estou preocupado com o resultado da prova.,negativo
22,Senti tristeza depois daquela conversa.,negativo
23,O problema no trabalho me deixou muito frustrado.,negativo
24,Estou cansado e sem energia para continuar hoje.,negativo
25,Fiquei decepcionado com a notícia.,negativo
26,Tenho medo de não conseguir cumprir o prazo.,negativo
27,A discussão me deixou irritado.,negativo
28,Estou com dificuldade para me concentrar nos estudos.,negativo
29,Sinto falta de alguém importante para mim.,negativo
30,A espera pela resposta está me deixando ansioso.,negativo
31,"Que gafe do VídeoShow, colocar uma cena de morte, no dia da morte do Nelson Xavier.  #VideoShowAoVivo",negativo
32,Tapoha q prova difícil #MasterChefBR,neutro
33,A voz da Vanessa da mata é uma coisa maravilhosa #altasHoras,positivo
34,poooooooorra Mirian deixa o cara abrir a panela  #MasterChefBR,negativo
35,"#MasterChefBR preciso parar de assistir esse programa, a vontade de cursar gastronomia aumenta a cada ep",neutro
36,A Globo ja pode contratar a Mirian #MasterChefBR,positivo
37,#VideoShowAoVivo @user  que saudades do Wando. Muito romântico!,negativo
38,A Fátima já podia pedir pra o Nando cantar né? #NandoReisNoEncontro #Encontro,neutro
39,A @user está linda! #encontro,positivo
40,Todo dia é um 7 X 1 diferente...Só TOMBO! #MasterChefBR,negativo
41,"Já, já logo após o #JornalRational no #ProgramaDoRatinho ☺😂, tem #APraçaÉNossa em seguida tem Carlos Alberto no #TheNoite no @user.",neutro
42,O cabelo dá Ana está maravilhoso #MaisVoce,positivo
43,"gente, q história eh essa q a Ana Luíza foi desclassificada do #MasterChefBR pq já trabalho como profissional????? tava lavando meu cabelo",negativo
44,@user @user @user @user Nossa ontem eu ri tanto com a Yuko do #MasterChefBR com a história do pênis!,neutro
45,#videoshowaovivo Lindooo o look da Lu Ferreira.. joca e otaaa beijuu😗,positivo
46,"Esses colunistas do UOL adoram o SBT, me poupe darem destaque para o esdrúxulo #TheNoite mau gosto define!",negativo
47,É a @user ou @user no #Encontro?,neutro
48,"Jacquin é muito fofo, dá vontade de abraçar ele #MasterChefBR",positivo
49,vitor b não pode sair hoje  #MasterChefBR,negativo
50,G1 em 1 minuto no #Encontro,neutro
51,#VideoShowAoVivo com Fátima Bernardes tudo de bom,positivo
52,EU TÔ CHORANDO  #encontro,negativo
53,Oscarina . Nome diferentao #Encontro,neutro
54,"Vey quero chegar aos 56 igual a mulher do Nando Reis  Que pelee, que linda #Encontro",positivo
55,Q MANCADA ASSUSTAR AS TIAS DA FAXINA KKKKKKKKKKKKKKKKKK PORRA #TheNoite,negativo
56,"Nossa vem aqui Lutador , aqui coisa de alto valor calórico , não falta ! #MasterChefBR",neutro
57,"#Encontro Mando nud p meu esposo, mesmo q ele divulgue eu não vejo problemas, afinal eu não mandava pra qualquer um, mandava p meu parceiro",positivo
58,"Eu vou chorar tanto com: ""Aquarela"" tô morrendo desde já   #DomingoLegal",negativo
59,Mônica é mãe da @user kkkkkk todo mundo já sabe  #édecasa,neutro
60,Amo ouvir Dráuzio #ConversaComBial,positivo
61,Bacuri com tucupi? Bizarro! Kkkkkkkkk #MasterChefBR,negativo
62,#MasterChefBR a abóbora em pauta novamente...kkkk,neutro
63,AMO Vanessa da Mata #AltasHoras,positivo
64,"Não creio que @user saiu, meu mundo caiu💔😔 #MasterChefBR",negativo
65,#thenoite @user armadilha do the noite captura Carlos Alberto.,neutro
66,"banana ativa o hormônio da felicidade, por isso eu amo #Encontro",positivo
67,"""Se ela trabalha o problema é dela, ela que contrate uma empregada"" VC TA LOUCO DE DROGA MEU QUERIDO? #Encontro",negativo
68,"""Se você quiser eu vou te dar um amor desses de cinema""🎶 manda prx crush esse trecho #altashoras",neutro
69,Legal esse final cm tdo mundo da praça e o danilo dançando cm o pessoal do trajavigor vestido dos personagenss da praça tocando #thenoite,positivo
70,Canta pra caralho cala a boca vai toma no cu bicho #ConversaComBial,negativo
71,"Tem @user falando de #MisterBrau Quem atacar, eu vou atacar!  #MaisVoce",neutro
72,Adorei o rapaz de camisa preta e jaqueta amarradas na cintura. Ele dança so quando o tchan canta. Kkkkkkkkkkkkk... #AltasHoras.,positivo
73,Obrigado #MasterChefBR por mais uma quarta feira cheia de sono 😴😴,negativo
74,"A expressão ""levou o farelo"" não é pq a pessoa se lascou? Kkkkkkkkkkkkk #VideoShowAoVivo",neutro
75,A RAZÃO DO MEU VIVER COMEÇOOOOOU #MasterChefBR,positivo
76,Todas as novelas que a ingrid Guimarães faz ela está baranga #VideoShowAoVivo,negativo
77,Eu nao assisti essa temporada de #MasterChefBR mas adorei a bee q foi eliminada essa semana usando os memes do #RuPaul,neutro
78,"Ai gente essa música é a melhor né? #TremBala #PadreFabiodeMelo #ConversacomBial "" Sorria e abrace seus pais enquanto estão aqui..."" s2",positivo
79,Não acredito que time azul perdeu 💔 #MasterChefBR,negativo
80,#Encontro uma piada atrás da outra,neutro
81,Joca lindo como sempre ❤ Mostra o Look hahahahaha  #VideoShowAoVivo,positivo
82,Pq essa vaca não deixa a criança no chão? Saporra tá causando #encontro Lugar de criança é numa jaula. Mudando de canal. #odeioCrianca,negativo
83,A idade não interfere nada mas sim muitas pessoas que tem preconceito #Encontro,neutro
84,"De um lado ""É o Tchan"" e do outro ""Vanessa da Mata""... Muito bom! #altashoras #paz",positivo
85,"""É a minha oportunidade de calar a boca desse povo que ta falando que eu não sei trabalhar em grupo"" Não sabe mesmo Leonardo! #MasterChefBR",negativo
86,Ana Paula chegando de fininho para comer o prato da Paola #MasterChefBR,neutro
87,A Sandy é tão linda que dói de ver #sandy #encontro,positivo
88,AI do #VideoShowAoVivo se nao tiver gravado os bastidores do parto eu nao vou responder por mim sério @user @user,negativo
89,"Imagens raras e inéditas do último aniversário de Hebe, em 8 de março de 2012, no #MaisVocê",neutro
90,-Posso pegar na sua perna? Namaria representando a minha vontade nesta manhã ^_^#MaisVocê,positivo
91,"#VideoShowAoVivo... Não aguento a chatice da Sophia Abrahão... Está sempre tensa, sorriso artificial, postura contraída e torta... Não dá...",negativo
92,#VideoShowAoVivo PODE FAZER LOOK MASCULINO TBM,neutro
93,"Nossa Cibele arrasou, no seu casamento #VideoShowAoVivo",positivo
94,"Ai que bosta, de novo matéria de frango a passarinho, pula para os convidados caramba.   #MaisVoce",negativo
95,#TheNoite com Carlos Alberto de Nóbrega no ar! @user,neutro
96,inclusive vou almoçar assistindo meu mozão #MasterChefBR,positivo
97,"Na moral a Fátima Bernardes ta ficando entrona,chata igual o Faustão #VideoShowAoVivo",negativo
98,Alguém sabe o que aconteceu com a Laura Müller no serginho? #altashoras,neutro
99,Cortez o melhor #VideoShowAovivo,positivo
100,A geração nascida pelos 1940 mais ou menos é mto retrógrada.N tem como modificar essas cabeças.Só atrapalham na criação d netos #Encontro,negativo
101,o nariz é igual da mãe  #EDeCasa,neutro
102,Essa diversidade de Ingedientes do Pará é espetacular #MasterChefBR,positivo
103,Já pensou? Serginho pedir perguntas e ninguém ter nenhuma? Ninguém levantar a mão?! #altashoras,negativo
104,Né que Arnaldinho tá no #encontro hoje. Que tiro,neutro
105,Vale Tudo no #Encontro: novelão influencer ❤,positivo
106,"Ridículo Namaria dizer que ""tem brigadeiros melhores"" #Atardeesua #MaisVoce",negativo
107,Ninguém saí da sala!!! Ana Maria está ensinando a passar roupa!!!  #MaisVoce,neutro
108,"@user  Filhos são uma benção na nossa vida, tenho gêmeos já estão com 21 anos... #AltasHoras #DiaDasMães",positivo
109,Sofri muito com a saída do meu amor Victor do #MasterChefBR,negativo
110,Se fosse ligação nosso amor seria enganooooooo  @MaiaraeMaraisa  #MaiaraeMaraisaNoBial #ConversaComBial,neutro
111,Ele é muito fofo #TheNoite,positivo
112,Hora de virar sardinha no metrô em homenagem à prova do #MasterChefBR de ontem,negativo
113,Gente é Fatima Bernardes. Kkkkkk #VideoShowAoVivo,neutro
114,MORTAAAAAAAAAA 😂😂😂 #TheNoite,positivo
115,EU ESTOU EM PRANTOS #MasterChefBR,negativo
116,#MasterChefBR Léo sai da competição,neutro
117,Pelo amor de Deus! Deixem esse tchau do @user pra sempre no final @user ❤️ #TheNoite,positivo
118,"De boa, a gente tem que falar sério nesse momento: que porra é essa no #masterchefbr de exigir uma prova usando CALDO KNOR?",negativo
119,Aquilo não é uma calcinha... é quase uma bermuda #maisvocê,neutro
120,Melhor episódio da temporada do #MasterChefBR só fecharia com chave de ouro se a Miriam saísse. O demônio essa mulher.,positivo
121,"quando o cantor começa a cantar a música diferente da original, isso quer dizer que ele já deve tá de saco cheio de cantar ela #altashoras",negativo
122,Carlos Alberto vai virar Youtuber #TheNoite #APracaENossa,neutro
123,Pode shippar o @user e a @user ? &lt;3 #MasterChefBR,positivo
124,queria @user sentadas aqui no sofá de casa conversando cmg mas enquanto isso vamos vendo a #ConversaComBial #MaiaraeMaraisaNoBial,negativo
125,Ana parece aquela amiga que dá PT e se acaba na night. #MasterChefBR,neutro
126,#thenoite.@user massa hoje,positivo
127,#MASTERCHEFBR tem q sair a Miriam já deu já... chatice,negativo
128,Sou apaixonado pela chef Paola  #MasterChefBR,neutro
129,é legal ver a sua colunista preferida na tv. A @user está no #Encontro,positivo
130,Essa músiquinha não tá ajudando :( #MasterChefBR,negativo
131,Eu lavo louça e sou homem (só nao lavo banheiro rsrs)  #Encontro,neutro
132,"Porquê, quando a gente gosta muito do entrevistado o tempo passa muito rápido? #MaisVoce",positivo
133,pq o Victor B saiu do #MasterChefBR,negativo
134,"Terça (16), séries e Talk Show da GLOBO marcaram:  #MisterBrau 20.7 #OsDiasEramAssim 15.1 #ConversaComBial 8.2 #RushMedicinaVIP 6.3",neutro
135,"Muitos vão te dizer ""Eu Te amo"", mas Amor de mãe não se discute! #altashoras *Mary Help...💞😹🔥",positivo
136,Tô com saudades do jogo de panelas #MaisVoce,negativo
137,"#TheNoite Vamos deixar o Brasil sem presidente , agente faz um Grupão no Whatssap e vai decidindo as coisas ;",neutro
138,CLIPE NOVO COM TERESA E DULCE EU NÃO VOU AGUENTAR 😢😭😍😍😍🙆🙆❤❤❤ @luceromexico  #DomingoLegal,positivo
139,Num vejo nada q preste #MasterChefBR,negativo
140,#DomingoLegal sao sebastiao do paraiso MG! Cidade pertinho de franca onde eu moro,neutro
141,"#MaisVoce @user 😍😍😍  Ana Maria Braga deita no chão ao vivo, enquanto um cara gostoso faz movimentos sensuais em cima dela 😂",positivo
142,"Capacidade de gostar dos piores, só Jesus ! #ConversaComBial",negativo
143,Atílio e sua salada pra próxima audição do #MasterChefBR! #PorAmorNoVIVA,neutro
144,"Patrícia Poeta magérrima, finge que come e de tdo no #EDeCasa, qual o problema da Tais Araújo que é atriz ter fingido que comia abóbora?",positivo
145,Nessa prova de eliminação do #MasterChefBR  de hoje.. o unico prato que eu tentaria comer era o da yuko.. Sardinha bléhr,negativo
146,Já vi tanta luta e tanta malhação hoje no #MasterChefBR que nem preciso ir amanhã na academia. será que vale?,neutro
147,"""Cê esqueceu a letra?"" Kkkkk adorei essa agora #Encontro",positivo
148,- Quantos clipes?  - Um monte - Quantos?  - uns 7 ou 8.  . . . #altashoras,negativo
149,Oq temos para esse final de sábado??? Uma dose de #altashoras,neutro
150,"#VideoShowAoVivo.  É ou não é a  filha de @user  ali, com Chacrinha?  Lindas!",positivo
151,Ninguém aguenta mais a Mirian e o Leonardo #MasterChefBR,negativo
152,Gente a Ana kkkkkkkkk #MaisVoce,neutro
153,bela gil é toda calma né? bem good vibes adorei #altashoras,positivo
154,"Enquanto isso Mirian e Nayane continuam, aff #MasterChefBR",negativo
155,Já começou o #TheNoite,neutro
156,@user segurando o sono só pra vê vocês #MaiaraeMaraisaNoBial #ConversaComBial,positivo
157,"""Eu não vou passar vergonha no meu próprio programa"" mas você sempre passa @user #TheNoite",negativo
158,"Gente, já pensou acontece uma briga real entre os convidados!? #MasterChefBR",neutro
159,#ConversaComBial Que tema importante. Democracia ! Comunicação popular é o melhor caminho!!,positivo
160,Eu ja sabia só não respondi porque queria deixar outras pessoas responderem  #VideoShowAoVivo,negativo
161,Escondendo essa barriguinha de que? De nhoque né hahahah #VideoShowAoVivo,neutro
162,"#MaisVocê eu n posso ver essas máquinas,q da vontade ter tds",positivo
163,#Encontro  para  essas cantoras sertanejas bregas de hoje em dia que dizem que não existia dupla sertaneja feminas antes viva #IrmasGalvao,negativo
164,"Já fui na padoca, fiz café da manhã pra Mainha e agora tenho q pensar no almoço. Vai ter que baixar um #Masterchefbr",neutro
165,tenho que ir dormir mas o #MasterChefBR tá maravilhoso hoje,positivo
166,"@user @user Isso @user pede o fôlego e volta pra casa, pois ninguém mais aguenta você! #MasterChefBR",negativo
167,"Olha, amigo, eu sou a favor do desarmamento pela menor chance possível de levar um tiro, que tal?...#TheNoite",neutro
168,"Prova muito emocionante, Não Vou Negar Que Chorei  #MasterChefBR",positivo
169,"#MasterChefBR MANO, OQ ACONTECEU ALGUÉM ME ATUALIZE",negativo
170,#thenoite 🎶🎼Se essa rua fosse minha...eu mandava ladrilhar...🎼🎶 Com pedrinhas de brilhante Só pro meu am♥r passar...🎶🎼 Bons tempos,neutro
171,"Essa temporada do #MasterChefBR tá MUITO melhor que a temporada passada, socorro.",positivo
172,"Trem Bala 😩 a música é boa, mas já enjoou 😄 #ConversaComBial",negativo
173,E o barato de ter família grande é q vc não tem problema em socializar. Vc estranha qdo fica sozinho. #Encontro,neutro
174,"Nossa, a inteligência e a sabedoria do Padre Fábio de Melo e ainda sendo entrevistado por Bial....que #TDB #ConversaComBial",positivo
175,"Não quero q o Douglas saia,pq acho ele bom cozinheiro e um docinho d gente.Nem q a Mirian saia,pq quero ela sendo má em grupo #MasterChefBR",negativo
176,ELVIRA E GERMANA RAINHAS #VideoShowAoVivo,neutro
177,"Esse @user é mt gato, sangue de Jesus tem poder #DomingoLegal",positivo
178,#VideoShowAoVivo 😔 que saudade desses seriados,negativo
179,#TheNoite Matheus Ceará só fala merda slk. Kkkkkkkkkkmk,neutro
180,@user melhor prato da noite #MasterChefBR Love u,positivo
181,"Bicho o cara falou um monte de merda em rede nacional, coragem né? Tem gente que tem muita coragem mesmo #Encontro",negativo
182,A Sophia Abrão tomou o lugar do Joca Lopes no #VídeoShowAoVivo?,neutro
183,"Antônia Morais, talento e beleza que vêm do DNA! #VideoShowAoVivo",positivo
184,O #MasterChefBR me deu fome ontem ushausha,negativo
185,Vamos subir a tag  #bolsonaroEuconfio ... quem vem comigo? #MasterChefBR #OutraAmazônia #ProgramaDoPorchat #LulaEuConfio #AForcadoQuerer 😘,neutro
186,Irmãs Galvão que amorzinho! Minha avó gostava tanto....bateu aquela saudade agora.... #Encontro,positivo
187,É agr a hora da verdade bye bye Miriam #MasterChefBR,negativo
188,Vanessa Da Mata depois de muitos anos e a voz é a mesma. #AltasHoras,neutro
189,"Cara fala sério, @user vc é demais! #ConversaComBial",positivo
190,"Coitado do Douglas  Ele era mto criativo e cozinha mto bem, mas nem sempre sabia usar isso a seu favor no #MasterChefBR",negativo
191,"@user pro @user: ""Eu vou tentar trazer o ""tômpero""""! 😂😂😂😂😂😂😂😂😂😂 #MasterChefBR",neutro
192,@user lindo no #EdeCasa😉,positivo
193,Passei mal assistindo a prova na parte que o Vítor se corto meu Deus quase desmaiei de vdd #MasterChefBR,negativo
194,KKKKKKKKKKKKKK JA DEU AQUELA BULINADA NA JU #TheNoite,neutro
195,Se liguem no #AltasHoras que a maravilhosa @user tá lá 💙,positivo
196,#Thenoite pq os brasileiros qdo vão lá fora se esforçam p falar inglês sendo q aqui qnd vem internacionais não tentam falar nossa língua?,negativo
197,Daqui a pouco tem #MasterChefBr e nós tem escondidinho,neutro
198,Aquele momento que você fica quase 24 horas sem entrar no Twitter para não saber quem saiu do #MasterchefBR,positivo
199,Pela primeira vez não tenho vontade de comer o que eles preparam... #MasterChefBR,negativo
200,"Fico me perguntando, será  que os filhos da Bela Gil comem de sobremesa pudim de chia com calda de mirtilo? Kkkkk #AltasHoras",neutro
201,"O Thomas é a coisa mais gostosa desse mundo,q vntd de apertar ai mds #AltasHoras",positivo
202,Chorando ainda a saída do do @user do #MasterChefBR 😭😭😭😭😭😭😭😭😭😭😭😭😭,negativo
203,@user  #MasterChefBR @user  miga????? Isso é verdade?,neutro
204,"#VideoShowAoVivo Melhor pessoa ""Sophia Abrahão""... mesmo estando atrasada chega arrasando. Muito divertido o vídeo show de hoje.",positivo
205,"Aí meu Deus, eu passo mal com essa Contagem final... Socorro 😰😰  #Masterchefbr",negativo
206,"Ansiedade por estar bem sempre, por sempre fugir do mau momento. (EU todinho) #ConversaComBial",neutro
207,Maluma gatooo. Ja quero casar e ter filhos #TheNoite,positivo
208,"Porra ana maria ela n come abóbora e acabou, supera n é td mundo q gosta de abóbora #MaisVoce",negativo
209,"Por onde apresentamos a peça temos recebido vários relatos de abusos, pessoas se abrindo pela primeira vez #Encontro #HospitalDeBonecas",neutro
210,Namaria tá impagável hoje vestida de unicórnio . A tiara foi a cereja do bolo rssss #MaisVocê,positivo
211,Credooo qto sangueee #masterchefBR,negativo
212,Estou esperando Laura  #AltasHoras,neutro
213,"#VideoShowAoVivo Oi amores,que tal a Sophia fazer um  Filme sobre a Cláudia Raia e ela seria A própria Cláudia, bjos",positivo
214,ahhhh... uma semana pra ter #MasterChefBR de novo... :(,negativo
215,CADA DOSE CAI NA CONTA E OS 10% AUMENTA AI CÊ ME ARREBENTA E O CORAÇÃO NÃO GUENTA #ConversaComBial,neutro
216,ZzzZzzZZzzzZzzzz... dia Pós #MasterChefBR  Sempre vale a pena ser um zumbi no dia seguinte 😴😴😴,positivo
217,"Hoje tem o Fogaça em A Prévia, só assim para eu assistir essa porcaria. #MasterChefBR #APrevia",negativo
218,"Sexta (12), as séries e Talk Show da GLOBO marcaram:  #OsDiasEramAssim 16.4 #ConversaComBial 7.5 #Homeland 6.7",neutro
219,"@user Drauzio Varella? Tiozinho abortista, um poço de progreçyzmu. Vou assistir pra contar as ""lacradas"" que ele dará. #ConversaComBial",positivo
220,O @user deve estar armando esse #MasterChefBR hoje. So as coisa nojentona.,negativo
221,"@user mais um dia de trabalho normal, né? #MasterChefBR",neutro
222,"João Vicente: ""minha mãe acha que a novela toda ta errada e o Lázaro ta certo"" BERRO #Encontro",positivo
223,aaaaaa Douglas não pode sair nao pfvvvv #MasterChefBR,negativo
224,"""Poder é um espaço abstrato que jamais permanece vazio "". #ConversaComBial",neutro
225,O Masterchef hoje foi lindo e emocionante. Ver a garra de uma pessoa quando ela deseja algo é lindo e motivacional. #MasterChefBr,positivo
226,Mas essa moça é bem sem graça pra apresentar esse quadro hein?! Só fica calada. Animação filha... #EDeCasa,negativo
227,era alguma regra ser tudo verde todas comida? #MasterChefBR,neutro
228,@user @user Contando os minutos  Amo #MasterChefBR  O melhor programa brasileiro de gastronomia 😍😍❤,positivo
229,O cabelo da Namaria está amarelo? #MaisVoce,negativo
230,Hoje ta tensão nível Hard no #MasterChefBR  😱😱😱😱😱😱,neutro
231,"ai eu gosto de ver hein, vamos vitor b  #MasterChefBR",positivo
232,Por favor não me odeiem! Mas não suporto É o Tchan mais. Muito por detestar o Compadre #altashoras,negativo
233,"Que tal ouvirmos Banda Donica? Ė trazer Caetano, através do seu filho. 🎶🎹🎶🎸🎶 #VideoShowAoVivo.",neutro
234,Socorro tô nervosa #MasterChefBR,positivo
235,"E ganhar uma NOTA PRETA? ganhar uma ""nota preta"" é ganhar muito dinheiro. #Encontro",negativo
236,Feliz Dias das Mães #DomingoLegal,neutro
237,Tem dois bonitoes na minha tv  MAS OS MEUS OLHOS SO FOCAM NA FATIMA! Woww  #VideoShowAoVivo,positivo
238,Maluma só me lembra a Anitta desculpa jjkkkkk #TheNoite,negativo
239,Precisamos falar mais sobre ansiedade e depressão. #ConversaComBial,neutro
240,Alô @user @user @user tem especial de 30 anos da Praça no #TheNoite hj. Bora divulgar,positivo
241,"""tá apertado"" ""mas tá bonito"" a triste realidade da vida #VideoShowAoVivo",negativo
242,Depois de todas as perguntas eu tenho certeza que sou pessimista Hahaha #Encontro,neutro
243,Vídeo show me amorro #videoshowaovivo,positivo
244,Migo a expressão negra/negro é utilizada como conotação negativa na língua sim e é uma forma de racismo! para de bostejar please #Encontro,negativo
245,"Cantou ""eu acredito"" já sabemos quem será eliminado, né migos... #EuAcreditoFail #MasterChefBR",neutro
246,Gostaria de vídeos da sandy cantando evidências no #encontro na minha mesa agora já por favor eu imploro eu preciso disso,positivo
247,Acabei de ver #MasterChefBR e tô um pouco abalada com essa eliminação 😢,negativo
248,"@user O que seria do jiló se todos gostassem de abóbora, não é?! #Diva #ThaísAraujo #MaisVoce",neutro
249,Hije tem #MasterChefBR ai que tuuuuuudo,positivo
250,Queria a Aderlize na #EquipeAzul #MasterChefBR,negativo
251,"Aproveitando que o assunto é política, só queria dizer que eu sou um bom partido. mandem direct ❤️ #MasterChefBR",neutro
252,"Vem gente, vai começar #MasterChefBR  #TeamYuko #TeamVitorB",positivo
253,"Ai cara, eu não acredito que o Vitor B saiu, quero chorar #MasterChefBR",negativo
254,"Pena que esse doutor é casado combina com Fátima ,😘 #Encontro",neutro
255,"FATIMA BERNARDES NO MEU VIDEO É UM SHOW , NAO TO ACREDITANDO , AMEI 😍 #VideoShowAoVivo",positivo
256,"Fátima Bernardes cantando sandy sou eu tentando cantar em inglês: Só mexo a boca, faço cara de paisagem e canto porra nenhuma #encontro",negativo
257,"Aqui em Belém do Pará , o dindin é  chopp.  #VideoShowAoVivo",neutro
258,"Adorei a Antônia Moraes abrindo o guarda roupa dá Manu,  são mega estilosas queria essas roupas pra mim 😍 #VideoShowAoVivo @user",positivo
259,falta é cheiro verde nesses pratos #MasterChefBR,negativo
260,dos competidores restantes a única que já passou de voltar pra casa é a miriam  #MasterChefBR,neutro
261,"Até o Padre Fábio de Melo cantando Trem Bala, no caso, no #ConversaComBial",positivo
262,Descobrindo que não é só o Zé Felipe que é chato na novela. O ator também #DomingoLegal,negativo
263,"#Encontro beijo é troca de carinho, beijo meu marido em qualquer lugar, é só estar com vontade",neutro
264,"Sheila Gomes, Cláudia Silva e Jessica Ribeiro bora ver o Fogaç...ops! Ver o #MasterChefBR",positivo
265,"Por que o #MasterChefBR termina tão tarde? Deveria ser um programa pra toda família, mas só os fortes sobrevivem. 🙁",negativo
266,Ver #MasterChefBR sem comer nada é impossível 🙅‍♂️! Rsrs,neutro
267,Queria ter esse vocabulário rico que nem do @user #ConversaComBial,positivo
268,"Já pode mudar o nome do programa para "" Conversa com Ana Maria Braga "" 🤣🤣🤣#ConversaComBial #MaiaraeMaraisaNoBial começa logooo esse treeem",negativo
269,#MasterChefBR Vem forte que hoje a culinária é do Norte.,neutro
270,Quer saber? Palmas pra você​ Victor B. 👏👏👏👏👏👏👏 #MasterChefBR,positivo
271,Morta com a Fatima falando q nao falar sobre a outra q quer ser a esposa 😂😂😂😂 #Encontro Ai q direta,negativo
272,Os cara como sem camisa assim? Normal? Só mais um dia de inverno #MasterChefBR,neutro
273,"Meu sonho fazer a dançarina gay c/ E o tchan, alguém realiza isso pfvr HAHA ♡ #AltasHoras",positivo
274,Só tendo que usar fantasia que o Mingau troca de roupa.  #TheNoite @user,negativo
275,"nao se fala bvbl, é bvl só uai #VideoShowAoVivo",neutro
276,#edecasa feliz dias das mãe beijos mãe ❤ &amp;#55357; ❤ ❤,positivo
277,"O cara ao vivo no encontro fala "" homem que é homem não lava louça "" mds, que machista!!!!!!!! #Encontro",negativo
278,"22h50 - Globo 20.6, SBT 9.7, RecordTV 6.1, Band 4.6 #MasterChefBR",neutro
279,"Queria ver a #ConversaComBial hj eh o @user, AMO!",positivo
280,Não sei como o video show nao se cansa de fazer a mesma matéria sobre vestidos de noiva diferentes.  #VideoShowAoVivo,negativo
281,#MasterChefBR eu quero vê um quebra pau hj mininaaaa,neutro
282,@user vc é incrível cara!!! #AltasHoras,positivo
283,"#Encontro falando sobre o que usar, o problema são os homens tarados que não tenho controle e ivadem o espasso e a liberdade da mulher",negativo
284,"Esse Tiago fala:  "" houve uma pressão "" . Eu traduzo na minha cabeça:  Não queria que fosse assim, mas mudou, têm mulheres.   🙄 #Encontro",neutro
285,Eu quero um moletom igual ao do @user #MasterChefBR,positivo
286,"Ai pula para Vivianne Pasmanter, não to afim de ver matéria de frango a passarinho, nem de galinha eu gosto.   #MaisVoce",negativo
287,"""o que importa aqui é entregar o prato pronto"" Ana ja dando spoiler que Vitor sai #MasterChefBR",neutro
288,"Germana e Licurgo, casal do ano que vc respeita  #MaisVoce",positivo
289,#quantico já teve mais showrunner que #masterchefbr passando na grade da Band HAHAAHAH,negativo
290,"Quem Ñ tem Deus,, Q tenha pelo menos Aristoteles Padre Fabio de Melo #ConversaComBial",neutro
291,Gosto das palavras dessa mulher ai. É psicologa? #encontro,positivo
292,#MasterChefBR agora a Mirian tá rindo alguém pior que ela,negativo
293,GARÇOM TROCA O DVD QUE ESSA MODA ME FAZ SOFRER E O CORAÇÃO NÃO AGUENTA #ConversaComBial,neutro
294,Hj o #MasterChefBR promete fortesssss emoções! ! Adoooro,positivo
295,Maldição do avental? 😱 Desorganizacão... 😒 #equipeazul #MasterChefBR,negativo
296,#MasterChefBR Genteeeee hoje vai ser mais tenso.,neutro
297,PAOLLA LINDA OLIVEIRA #VideoShowAoVivo,positivo
298,O pessoal de SC tinha que estar nessa prova. Acho q Valter mandaria bem pacarai #masterchefbr,negativo
299,"Buenos dias, galera. Ontem não vim aqui comentar o #MasterChefBR por motivos de computador novo. Fui abduzido!!! #teamojunto",neutro
300,#MasterChefBR começou galeraaaaa,positivo
301,Dráuzio varella mostranso que o crime organizado é mais organizado que nossos gorvenantes #ConversaComBial,negativo
302,A solução é ressignificar positivamente as palavras e os velhos ditados #Encontro,neutro
303,"A Bela teve o neném na sala? CA RA, benza a Deus! Não tenho nenhum porcento de coragem #AltasHoras",positivo
304,"Queridos conhecidos, saibam que não me verão nunca mais por motivos de: @user me matou do coração hoje. #MasterChefBR",negativo
305,Este perfil saiu do modo #MasterChefBR,neutro
306,Torcendo pra equipe azul! Eu acreditooo!! #MasterChefBR,positivo
307,Imaginou Mirian ou Leonardo ganhando esse #MasterChefBR vai ter uma 3 guerra mundial em pleno twitter,negativo
308,Consolidados - SBT (16/05):  #TheNoite 3.9 #SBTNotícias I 2.8 #SBTNotícias II 3.1,neutro
309,A mãe da @user é maravilhosa! Tive o prazer de conhecer as duas pessoalmente em 2015! #EDeCasa,positivo
310,Só quero que #MasterChefBR acabe pra eu ir dormir kk,negativo
311,Otaviano está fazendo a dieta da Patrícia Poeta? Ta magro! #VideoShowAoVivo,neutro
312,#altashoras tá top,positivo
313,"O meu Douglas saiu, eu não estou acreditando #MasterChefBR",negativo
314,Domingo Record x SBT:📺  #DomingoShow 7 X 5 #DomingoLegal   #HoraDoFaro 8 X 6 #Eliana   #DomingoEsp 9 X 9 #SilvioSantos,neutro
315,#VideoShowAoVivo eu quero esse vestido da Bibi 😍,positivo
316,#MasterChefBR Que justificativa meio pombo,negativo
317,Eu colocaria sardinha numa maionese e serviria num pão tostado! #MasterChefBR,neutro
318,Que entrevistas sensacionais da Fátima! Que carreira brilhante! 👏👏👏 #VídeoShowAoVivo,positivo
319,Esse bofe machista da plateia vai ser massacrado ja ja kkkkkkkkkk #Encontro,negativo
320,@user Pior eu que fico vendo o #AltasHoras,neutro
321,#MaisVoce eu amo a Ana Maria!!!  De unicórnio entao tá demais!!!!!,positivo
322,Cadê a Sophia Abrahão? Coloquem ela fixa no lugar do mala do Otaviano #VideoShowAoVivo,negativo
323,Pela primeira vez eu nao quero que ninguem saia! #MasterChefBR,neutro
324,apaixonada pelo filho do Serginho #altashoras,positivo
325,CreioEmDeusPai. Fafá ficou muito ruim de Bethânia. #VideoShowAoVivo,negativo
326,Namaria hoje tá só o Unicórnio. #MaisVoce,neutro
327,Adoro essa música do marcos e belutti #Encontro,positivo
328,Anciosa pra saber quem sai hj #MasterChefBR,negativo
329,Victor B x Yuko não foi a gente que pediu Brasil #MasterChefBR,neutro
330,#TheNoite falto me acabar com essas marmotagens do Danilo kkkkkk,positivo
331,Ficou todo mundo passado #masterchefbr,negativo
332,Ana Luiza falando que as desgraças q estão acontecendo com o povo é praga do Leonardo hahahaha #MasterChefBR,neutro
333,CARALHO ELE FOI BEM PQP ARRASOU MLK #MasterChefBR,positivo
334,"Olha, quero assistir o meu #MasterChefBR em paz! Nada de cortes profundos e sangrentos! Tenham cuidado.",negativo
335,"@user amo azaléias, depois da 6a tentativa de cultiva-las em vão...desisti #EDeCasa",neutro
336,Eu amo qnd os chefs tombam a Miriam.. pq aí ela desce do Olimpo.. hahahahaha #MasterChefBR,positivo
337,Onde que isso vai virar purê #MasterChefBR,negativo
338,"#ConversaComBial Gestão da emoção, isso controla a ansiedades?",neutro
339,Carol Duarte arrasandoo como Ivana.  Cada cena percebemos o sofrimento da personagem.  &lt;3 #VideoShowAoVivo,positivo
340,Eu tô odiando essa prova do #MasterChefBR. Deve ser pq eu não suporto maromba...,negativo
341,Ana me chama pra ir te visitar e faz algo bem gostoso pra mim #MaisVoce,neutro
342,Vítor B tá nos trends ❤ #MasterChefBR,positivo
343,ainda decepcionado que Mirian não saiu #MasterChefBR,negativo
344,"Aiiiiii... tô vendo aqui que minha mãe tá fora dos ""padrões morais"". Namora mais novos, usa a roupa que quiser e tem cabelo curto. #encontro",neutro
345,Ana Maria de unicórnio no #MaisVoce tombei msmzkzmmsma,positivo
346,"Ahhhhhhhhh Victor, tá acabando cmg, ele não pode sair 😢 #MasterChefBR",negativo
347,"@user A regra é clara, frango desfiada é na pressão . #MasterChefBR",neutro
348,"Terça feira, 20:47... já está começando o efeito @user . Fome! #MasterChefBR",positivo
349,O Vitor V tá meio q mais tumultuando hj a equipe do q ajudando parece #MasterChefBR,negativo
350,#reprise do #MasterChefBR AGORAAAA! Lá no @user ❤️,neutro
351,"Acabou rápido, foda demais a entrevista  #TheNoite",positivo
352,"Acho que tô tomando ranso pelo Bial, depois dessa entrevista com padre Fábio. #ConversaComBial",negativo
353,Esse Valter vai para a final #MasterChefBR,neutro
354,"Assim como sua personagem na novela, Paolla Oliveira também adora animais na vida real! Que bacana! 🐶🐱 #VídeoShowAoVivo",positivo
355,Vitor B vacila demais. Ja podem eliminar. #MasterChefBR,negativo
356,Unica prova do #MasterChefBR que posso fazer em casa. Sardinha em lata 😂 #AcabouOGas,neutro
357,Aí agora já vi outro Tweet e não tenho mais certeza de quem sai #MasterChefBR ...menos mal 😤,positivo
358,"O boy tá meio nervous , Vitor V. #MasterChefBR",negativo
359,OLHA ISSO SENHOR KKKKKK me ajuda #MaisVoce tô com fome 😅😍,neutro
360,@user A música que vcs cantaram é do Anjinho Robinson Monteiro! Pra sempre vou te amarRodrigoMartins sorocaba #VideoShowAovivo,positivo
361,#Encontro o que é mais ridículo é esse programa forçar um tema como feminismo que no qual é muito discutido só para ganhar audiência,negativo
362,"Seguraa o tcha, amarra o tchan, segura o tchan tchan tchan, já to nas coreografias #AltasHoras",neutro
363,#videoshowaovivo A Fátima é uma profissional admirável!Parabéns!,positivo
364,Fátima sendo pisada ao vivo. Amei pois detesto quando o povo está  falando e ela muda de assunto sem deixar a pessoa concluir.  #Encontro,negativo
365,"Gente, a Déborah winner desse #MasterChefBR Leonardo vai ser barrado no F5. Tenho fé.",neutro
366,"Hahahahahahahahahahaha já quero um GIF desse ""sustinho"" @user @user  #TheNoite",positivo
367,"""tô me cagando"" ""todos nós"" sim, todos nós #MasterChefBR",negativo
368,@user @user @user @user ola coloque um clip RAUL SEIXAS CANTANDO MALUCO BELEZA #VideoShowAoVivo,neutro
369,Que maravilha kkkkkkkkkkkkkkkk #TheNoite,positivo
370,"#VideoShowAoVivo Sofia tá feinha hoje.  Roupa feia, cabelo feio e o batom feioso. rsr.",negativo
371,Tomar um banho de chuva Banho de chuvaaaa #VanessadaMata  #CaixinhadeMúsicaDvdVanessaDaMata #AltasHoras,neutro
372,"gente melhor saída, melhor pessoa, @user saiu tombando!!! #MasterChefBR",positivo
373,essa imunda ta chorando pq? tava distraido #MasterChefBR,negativo
374,Assistindo a apresentação dos pratos no #MasterChefBR e a opinião dos chefes estou me vendo na apresentação do meu TCC .,neutro
375,Meu @user 🦁👊além de ser campeão Ainda tem projeto de adoção💙 #adoteumtorcedor 👏#encontro,positivo
376,Daí as pessoas assistem e acham que a gente fala assim aqui no Pará #VideoShowAoVivo,negativo
377,Confesso que sempre tive um crush bem forte no Dr Jairo Bouer #Encontro,neutro
378,Como não ser fã de um cara que é a favor do porte de armas @user  #TheNoite,positivo
379,"Eu mesmo, a própria galinha desconstruinda. #MasterChefBR",negativo
380,AEEEEEEEEEEEEEEEEE VAMOS CHORAR MEU AMOR VAMOS CHORAR  #MasterChefBR,neutro
381,MELHOR pessoa MC CATRA @user #TheNoite,positivo
382,"O preconceito está no ser humano e não nas palavras ""preto"" ou ""negro"". Eu tenho vergonha desse preconceito. #encontro",negativo
383,E já começou o #TheNoite,neutro
384,Vendo só hoje o ep de #MasterChefBR de ontem... @user maravilhosa e plena escolhendo os ingredientes no mercado... o resto pira!,positivo
385,"Quem nasceu pra ser malafaia, nunca vai ser Fábio de Melo! #ConversaComBial",negativo
386,Bora assistir #MasterChefBR 🔪🍤,neutro
387,Que liiiiindiiinho Thomasss #AltasHoras,positivo
388,Vitor B saiu 😭😭😭 #MasterChefBR,negativo
389,#MasterChefBR  Vou torcer pra equipe vermelha..,neutro
390,Curtindo #altashoras o cara de preto roubando a cena kkklk,positivo
391,Esse Leonardo é um entojo #MasterChefBR,negativo
392,"Tô chocado gente, o Gabriel Godoy dizendo que comhece artistas da Globo, que usam 'êxtase'. Eitah! 😂😱🔥 #TheNoite @user @user.",neutro
393,eu n sou mt chegada em tv mas o vídeo show fica muito atrativo com o otaviano e o joaquim de apresentadores 🤣❤️ #VideoShowAoVivo,positivo
394,Nayane vai se fuder #MasterChefBR,negativo
395,#MaisVocê fgts não é descontado do salário,neutro
396,#VideoShowAoVivo adoroooo Joca e Ota😘😘,positivo
397,mais forçada que essa cissa guimarães impossível #edecasa,negativo
398,"De olho no #VídeoShowAoVivo , com @user e @user !",neutro
399,Já estava indo dormir quando o #altashoras  começou com @user haha não aguentei e já fui logo segurar o tchamm. Tutututupaaaaaa 😂😂,positivo
400,@user Agora tu tem q voltar na repescagem #MasterChefBR pfvr 😕😕 Como vc se atreve a sair ? Meus fav assim logo os dois ?  ❤️,negativo
401,"Mentira que o menininho de Terra Nostra é o Nicolas? 😱Se não fosse o #VideoShowAoVivo, nunca que iria lembrar. 😬",neutro
402,Entrevista maravilhosa com o Padre Fábio 👏👏 #ConversaComBial,positivo
403,#MasterChefBR #QuemSai Mirian pelos deuses!!!!,negativo
404,@user @user TU NÃO TÁ ASSISTINDO #MasterChefBR?!?!?!,neutro
405,Infelizmente só assisti ao programa hoje. Foi ótimo ! #MasterChefBr,positivo
406,deusa q agonia esse dedo cortado #MasterChefBR,negativo
407,"Após #TheNoite, #SBTNotícias com @user e as principais notícias do Brasil e do mundo! #NãoPercam!",neutro
408,Nando Reis maravilhoso em todod os aspectos! Família linda!  #Encontro,positivo
409,"acho q eles deviam eliminar tb por sequência de cagada, tem gnt q tá sempre entre os piores e n sai, outros na primeira já vão #MasterChefBR",negativo
410,#VideoShowAoVivo Eu acho que a fofissima E Claudia Raia,neutro
411,Sophia vestida de camisão!!! Lindinha vc pode! #VideoShowAoVivo,positivo
412,"Com perguntas abstratas, o #ConversacomBial faz programa superficial e grande convidado, @user, não é bem aproveitado.",negativo
413,@user Não sendo abóbora a galera deveria cair matando hah PasmanterEPivaNoMaisVoce #MaisVoce,neutro
414,Virei fã #ConversaComBial @user,positivo
415,Miram com suas lágrimas de crocodilo.#MasterChefBR,negativo
416,"Detesto Miriam, mas gosto do Leo, torço por ele e Yuko #MasterChefBR",neutro
417,"Isto sim é entrevistar alguém, perguntar e saber ouvir a resposta do entrevistado! #ConversaComBial",positivo
418,Cara a Fátima Bernardes era um símbolo  do jornalismo nacional e hoje tá aí fazendo vexame no #Encontro #triste,negativo
419,"Depois de anos tô vendo ""namaria"". #MaisVoce",neutro
420,Maiara é muito maraaa gente #ConversaComBial,positivo
421,Se eliminarem o Vitor e deixarem a Mirian eu vou fazer panelaço #MasterChefBR,negativo
422,O que falar de Katy Perry em Bon Appétit? #MasterchefBR  🙄 #BonAppétitMusicVideo,neutro
423,KARAI CATRA VIRA MEU PAI MANO! #TheNoite #CatraNoTheNoite @user,positivo
424,"Com certeza quem acha que tudo é racismo, é porque nunca foi vítima ou nunca chegou a ver esse ato acontecer tão perto! #Encontro",negativo
425,@user foi tanto trabalho que só agora vi seu discurso emocionante sobre o Brasil no #MasterChefBR da semana passada. Brasil❤Paola,neutro
426,#MaisVocê @user casa comigo???,positivo
427,Hj a torcida é p #TimeAzul no #MasterChefBR pq os favs tão lá e a insuportável está no vermelho (nem tô torcendo p ela ir p eliminação 😏),negativo
428,#VídeoShowAoVivo é o ator que faz o Zac na novela Rock Story. Nicolas Prattes,neutro
429,Vai conversar o #ConversaComBial  ❤❤,positivo
430,Na minha casa e nem na casa dos meus amigos arrumam a mesa assim #MaisVocê,negativo
431,Qual desses lançamentos você está mais ansioso?                                   /são joao da thay #encontro/ Anitta e pabllo vittar,neutro
432,Essa Irmã Cecília é tão fofa. 😂❤ #DomingoLegal,positivo
433,#MasterChefBR Leonardo invejosa da porra. 😡,negativo
434,Lauro Jardim no Conversa com Bial: Eu quero dar o furo! #MaturidadeZero #ConversaComBial,neutro
435,"#NelsonXavier conseguia nos fazer rir e chorar, odiar e amar... sentir todas as emoções possíveis com seu talento incrível #VideoShowAoVivo",positivo
436,"@user, que tal parar de convidar Youtubers para o #EDeCasa para chamá-los apenas de blogueiros só p/ ñ divulgar os canais deles?",negativo
437,Espero que o Vitor B não fique muito nervoso e faça um bom prato POR FAVOR #MasterChefBR,neutro
438,"Muito massa o Rodrigo Santoro no #ConversaComBial hoje. Papo bom, foi fluindo de uma forma bacana!",positivo
439,Não vou mais torcer pra ninguém neste #MasterChefBR,negativo
440,Consolidados - SBT (08/05):  #TheNoite @user 3.3 #SBTNotícias - Madrugada I 2.4 #SBTNotícias - Madrugada II 1.9,neutro
441,Queria que o dinheiro da minha conta bancária subisse igual esses números na tela do programa #MasterChefBR,positivo
442,"mirian e léo fãs não os quero, não me sigam #MasterChefBR",negativo
443,"O ""não quero saber"" do Léo foi pro Douglas? Hahahahhaha #MasterChefBR",neutro
444,Bial tá muito legal! #pedrobial #ConversaComBial,positivo
445,Poxa @user 😭😭😭😭😭😭😭😭😭😭😭😭😭😭  #Luto   #MasterChefBR,negativo
446,"22h55 - Globo 19.9, SBT 9.0, RecordTV​ 6.1, Band 4.8 #MasterChefBR",neutro
447,A felicidade da @user pq foi escolhida 😍 #MasterChefBR,positivo
448,O azul vai se lascar???????? #MasterChefBR,negativo
449,"23h29 - Globo 13.7, RecordTV 6.7, SBT 6.6, Band 6.3 #MasterChefBR",neutro
450,Bial moderninho mostrando os memes do momento 😂😂😂 Tragicomédia política 🇧🇷 😮😮😮 #ConversaComBial,positivo
451,"MINHA GENTE que ep foi esse no #MasterChefBR ??? Vem cá victor, deixa cuidar de você neném!!",negativo
452,Eles tá tomando chá de hibisco com a comida? #MasterChefBr,neutro
453,Se a Paola me olhasse assim eu já estava com a vida ganha #MasterChefBR,positivo
454,Namaria devia mostrar Caio Castro  vestido de unicórnio qnd saltou de paraquedas #MaisVoce,negativo
455,"Por isso que eu vi que estava mto cedo pro  #MasterChefBr acabar, sempre acaba perto da 1h",neutro
456,"ainda bem que tem a Ana Padrão pra fazer merchan, caldo knorr em receita de chefs? #MasterChefBR",positivo
457,"Fiquei com uma dorzinha no coração quando o Vitor B. foi eliminado, eu estava torcendo por ele e ele é um gato  #MasterChefBR",negativo
458,"Amanhã vou ter que procurar o programa completo no YouTube. Perdi metade da entrevista, pelo visto #TheNoite",neutro
459,Amoooo essa música! #tremBala  #ConversaComBial,positivo
460,ANA MARIA BRAGA DE UNICORNIO KKKKKKKKKKKKKKKKKKKKKKK AINDA DANÇANDO KKKKKK  #MaisVoce,negativo
461,5  4 3 2 1  *6 DA MANHÃ*  #masterChefBR #ChefSensei,neutro
462,Léo Lins bêbado é uma das coisas mais engraçadas que já vi #TheNoite,positivo
463,Da equipe azul só salva a Yoko. #MasterChefBR,negativo
464,Legal o app falado no #conversacombial pena que tem que ter cel atual pra baixar 💔,neutro
465,Aguardando ansiosa o inicio de #MasterChefBR,positivo
466,"Terça-feira é o dia mais difícil pra acompanhar os talk shows BR, #ConversaComBial e #ProgramaDoPorchat vão ao ar praticamente juntos.. =S",negativo
467,#VideoShowAoVivo vocês sabem o que significa lagartcha aqui no Rio Grande Do sul?😅,neutro
468,Eu sou a Sheron kkkk ia fk chorando. #encontro,positivo
469,"#ConversaComBial Se Pe.Fábio tem atitudes diabólicas, imagines eu! #VidaSufrida 😞😞",negativo
470,"Terça (16), os infantis e Talk Show do SBT marcaram:  #MundoDisney 4.2 #BomDiaECia 5.9 #ClubeDoChaves 6.3 #TheNoite com @user 3.9",neutro
471,"Bial melhor pessoa ,mostrando os meme da internet sobre o Temer   #ConversaComBial",positivo
472,Esse negócio com ervilhas ficou estranho. #MasterchefBr,negativo
473,Hj é dia de quê? Em? Em? #MasterChefBR,neutro
474,#VideoShowAoVivo ... Ahh que saudades da piadoca do jocaaa rsrsrsrs lindos beijos ❤,positivo
475,"Nossa, eu sou péssimo em expressar sentimentos pessoais, sejam bons ou ruins. Não consigo direito nem em texto, imagina ""ao vivo"". #encontro",negativo
476,Q delícia esses pratos inspirados no pará mas infelizmente a minha única opção em casa é o miojo #MasterChefBR,neutro
477,#AltasHoras Amo coentro ❤❤❤,positivo
478,O que fazer quando você não quer que nenhum que estão na prova de eliminação saia? #MasterChefBR,negativo
479,"Viva o amorrrrr, não posso ver um pretinho que me tremo toda #Encontro",neutro
480,#MasterChefBR o programa que me faz sentir mais fome ainda kkkk,positivo
481,uma pena que quem saiu hoje do #MasterChefBR tenha saído,negativo
482,#MasterChefBR AAAAAAAAAAAAAAA EITA SENHOR,neutro
483,#VideoShowAoVivo oi seus lindos..adoro o#videoShowAoVivo,positivo
484,Equipe azul tá meio desesperada #MasterChefBR,negativo
485,Vai começaaaaar #MasterChefBR,neutro
486,#VideoShowAoVivo chorei vendo isso,positivo
487,#MasterChefBR Agr o embuste da Mirian sai,negativo
488,"Gosto do #TheNoite  porque não corta os palavrões, já o Porchat corta!",neutro
489,"Acabei de receber uma mensagem no whats, dizendo que minha faca do #MasterChefBR chegou no @user  Depois de 6 meses de espera ;D",positivo
490,"Tudo que Ana Maria faz no programa de diferente, tem cara que vai dá merda viu #MaisVoce",negativo
491,Vai na fé VALTER! #MasterChefBR,neutro
492,Que tal a gente analisar também o look do @user e do @user ? Acho que nem precisa pq os dois estão lindos #VideoShowAoVivo,positivo
493,"Pedro Bial um baita de um tiozão dramatizando ""esses memes""  #ConversaComBial",negativo
494,#MasterChefBR eu lavei o peixe kkkkkkkk,neutro
495,Não é nada fácil lidar com a Ansiedade... eu que o diga... 👻#ConversaComBial,positivo
496,Gente a equipe azul está muito desorganizada #MasterChefBR,negativo
497,Augusto Cury falando tudo o que tem no livro dele... #ConversaComBial,neutro
498,Que o amor de mãe nunca falte em nossas vidas   #AltasHoras,positivo
499,Já estou sofrendo ao lembrar que a season premiere de #HouseOfCards será no mesmo dia de episódio de #MasterChefBR. 😭,negativo
500,"23h20 - Globo 14.6, SBT 8.7, RecordTV 7.0, Band 6.2 #MasterChefBR",neutro
501,"Quando o Dr. @user falar, vocês por favor escutem. Sempre. Que aula. #ConversaComBial (e que programa)",positivo
502,Levei um spoiler na cara agora de #MasterChefBR pqp vai pro inferno,negativo
503,"Meu Deus do céu Victor, não decepciona esse Brasil hoje, pelo amor #MasterChefbr",neutro
504,queria tanto que houvesse repescagem. Seria uma maravilha ver o cafajeste de volta na competição #MasterChefBR,positivo
505,Esse ai vai dar trabalho pro pai   #altashoras,negativo
506,Nicolas Prates é o bebe de Giuliana em Terra Nostra #VideoShowAoVivo,neutro
507,A vozzzzzz tão meiga 😭  #DomingoLegal,positivo
508,Esse episódio está errado desde quando a Miriam e o Leonardo ganharam a prova  #MasterChefBR,negativo
509,Quem está torcendo para a Mirian ou o Léo serem eliminados hoje? #MasterChefBR,neutro
510,AI SENHOR 😭😭😭@user #MaiaraeMaraisaNoBial #ConversaComBial,positivo
511,#MasterChefBr EM NOME DE JESUS NÃO ELIMINA MEU CRUSH EM NOME DE JESUS,negativo
512,"Ainda que o porte de arma diminuísse o fato de ""eu tenho arma ele não, sou melhor...."" e fizesse pensar duas vezes+ #thenoite",neutro
513,#ConversaComBial  Bial como sempre dando show,positivo
514,Encontro com Fátima e #AltasHoras só tem conversa fiada. Na Fátima tem tanto papo furado q ñ dá tempo d cantar uma música inteira. + MÚSICAS,negativo
515,@user Eu jamais teria maturidade p trabalhar c Juninho Bill sem pedir p ele ficar cantando as musicas do Trem da Alegria  #TheNoite,neutro
516,Ainda bem que temos o #VídeoShowAoVivo para matar um pouco as sdds do ator Domingos Montangner!,positivo
517,"Essa eliminação vai ser muito triste, adoro todos #MasterChefBR",negativo
518,Não pude de #MasterchefBr ontem... Ou eu dormia cedo para acordar bem ou via todo e levantava um caco.,neutro
519,Tema absurdamente importante abordado no #Encontro,positivo
520,#VideoShowAoVivo Ai meu bebe chorando 😭😭😭💚,negativo
521,@user aqui em belém o din din é chope! #VideoShowAoVivo,neutro
522,Hey @user?! Gostei da blusa! Aonde posso comprar uma??? Hehehe... Abraços!!! #VideoShowAoVivo,positivo
523,#Encontro parem de ficar cortando falas. A pessoa não consegue terminar uma frase. Toda hr alguém atravessa sem or,negativo
524,Consolidados - GLOBO (18/05):  #JornalHoje II 9.1 #BemEstar (cont.) 8.8 #Encontro 9.8 #SP1 15.0 #GloboEsporte 13.3,neutro
525,Valéria morrendo de inveja do casamento da Janete com o galã global é hilário! 😂😂😂 #VídeoShowAoVivo,positivo
526,Não entendo esses jurados do @user querem e cobram criatividade de TDS menos da Yoko #MasterChefBR #xenofobia,negativo
527,Yuko você não me tomba com essa história de odiar sardinha #MasterChefBR,neutro
528,Masterchef eu te venero #MasterChefBR,positivo
529,Ai tô nervosa #MasterChefBR,negativo
530,"Queria dormir cedo, mas tem #MasterChefBR",neutro
531,"@user , além de ser o que cozinha melhor, ainda é o que tem os comentários mais engraçados #MasterChefBR  #teamLeo",positivo
532,Globo contrate a Cora 😘 #Encontro,negativo
533,#VideoShowAoVivo sonha comigo é bem melhor na voz do Rafael Vitti,neutro
534,Assistindo #VideoShowAoVivo  @otacosta,positivo
535,"Otaviano sabe que é péssimo e sem carisma, é por isso que interrompe todo mundo o tempo todo, até a Fátima Bernardes. #VideoShowAoVivo",negativo
536,#edecasa  aqui em casa ultilizou tábua de acrílico tem algum plobema.,neutro
537,"#VideoShowAoVivo  moro em Jequié-Ba ""Dim-Dim"" aqui é chamado de Apolo ou Geladinho",positivo
538,"Yuko e Vitor B ah naoo, enqto isso Nayane, Leonardo e Miriam ainda na competição que merdaaaa #MasterChefBR",negativo
539,Cristiane Torllona kkkkkkk #VideoShowAoVivo,neutro
540,Melhor episódio da Temporada!!! #MasterChefBR,positivo
541,"Pelo amor de deus, tira esse tradutor das entrevistas, coloca legenda @user #thenoite",negativo
542,Como a Sheron vai fazer com a novela ? #Encontro,neutro
543,Outro comentário avulso: mal posso esperar pela participação da Daniela Mercury no #MasterChefBR,positivo
544,Pior que a fala desse rapaz do #Encontro é a falar de muitos machistas. Isso AINDA é real.,negativo
545,🙀 vivi pra ouvir #Slipknot no #MaisVocê,neutro
546,Que show de violino no #Encontro 👏🏻👏🏻👏🏻👏🏻👏🏻👏🏻,positivo
547,"""homem que é homem não tem que lavar louça"" NOS POUPE #Encontro",negativo
548,Que acho/'quero' vai embora Vitor B &gt;&gt; Nayane &gt;&gt; Fabrizio #MasterChefBR,neutro
549,"tadinho do muso, porém corajoso #MasterChefBR",positivo
550,"Blogueira de moda a 10 anos. Não sei garimpar.... Ué também ganham tudo, assim até eu seria péssima meu amor #VideoShowAoVivo",negativo
551,#Encontro o maluco do reagge ta brabo. Kkkkk Fátima concordando pra ele finalizar o assunto... Vai até deixar o cara cantar,neutro
552,É a Claudia Raia com certeza! #VideoShowAoVivo,positivo
553,Miriam bem morphética #MasterChefBR,negativo
554,Gente. Que look é esse da Tiê??? #encontro,neutro
555,#MasterChefBR se mídia desse mais atenção para esse programa da @user seria um fenômeno em audiência!!,positivo
556,Não consigo olhar para a Sandy @user e imaginar ela peidando!! #Encontro,negativo
557,"""Eu gostaria"" #TheNoite",neutro
558,"#ConversaComBial com as lindas @user  altas risadas! ❤ Parabéns,meninas!😘",positivo
559,"Nada contra, mas fico me perguntando o que o #conversacomBial tem de novo. Só reciclaram o que o Jô fazia.",negativo
560,"Mas o professor falou a real, nem tudo é preconceito, porem ele existe! #Encontro",neutro
561,"""O ator é um estudante do comportamento humano"" #ConversaComBial  psicologia e dramaturgia têm coisas em comum",positivo
562,#MasterChefBR hj tem q sair essa Miriam aff,negativo
563,Assistindo #DomingoLegal,neutro
564,Vivi Pasmanter maravilhosa!! #VideoShowAoVivo,positivo
565,"E no #MaisVoce de hoje,tivermos torta de climão,quer dizer nhoque de abóbora!",negativo
566,#MaisVocê @nadiabochi  É  o máximo só fã.👏👏👏,neutro
567,Capricha na prova Vitor B. 😉 #MasterChefBR,positivo
568,"Bial malicioso pra CARALHO brinca que não é, mas é em TODO programa #ConversaComBial",negativo
569,Consolidados - GLOBO (09/05):  #JornalHoje 12.4 #VídeoShowAoVivo 10.0 #SessãoDaTarde 11.3 #SenhoraDoDestino 16.0,neutro
570,Sophia falando da Mel!!!😍😍😍 #melphia #videoshowaovivo,positivo
571,Léo Lins é completamente treze 😂😂 #TheNoite,negativo
572,Q lindo q a @user  não sabia o q vestir hj e pegou uma blusa do @user  #VideoShowAoVivo,neutro
573,"Essa coisa fofa e muito linda é o Nicolas prattes ,sofia e Otaviano amo vcs ,bjs  #VideoShowAoVivo",positivo
574,#VideoShowAoVivo a Marcela foi no local errado. Essas expressões são do Pará. Nada a ver essa reportagem. O povo nem sabia os significados.,negativo
575,shippo Joaquim  e Fátima rs #Videoshowaovivo,neutro
576,Porra com a Deborah colocando a Miriam pra liderar o time adversário no próximo ep kkkkkkkkkkkkkkkkkkkk Deborah icone #MasterchefBR,positivo
577,Se Yuko sair eu desisto deste #MasterChefBR,negativo
578,"O desarmamento não acaba com a violência, assim como a proibição da maconha não acaba com o tráfico. Me julguem  #TheNoite",neutro
579,#Encontro na vdd quando as pessoas se apaixonam e só vai ver a idade depois ai isso não importa mais 😍,positivo
580,Não entendo essa super proteção com a Miriam. Desnecessário isso. #MasterChefBR,negativo
581,Eu gosto mais não gosto da Yuko #MasterChefBR,neutro
582,Fiquei feliz pelo Fernando ❤️ #MasterChefBR,positivo
583,Mentira que o Vitor lambeu os dedos e pegou no frango dnv #MasterChefBR,negativo
584,"Enfia whey protein nesse povo, ja vão se dar por satisfeitos #MasterChefBR",neutro
585,"Me inspirei no episódio do #MasterChefBR (sim, só vi hj!) e vou fazer um jantar super digno com sardinha em lata! 😋",positivo
586,#VideoShowAoVivo  Pena que eu perdi!!!!,negativo
587,"Gente porque não gostam da Miriam, me expliquem plissss . não assisti outras edições. #MasterChefBR",neutro
588,Caiu uma lágrima aqui nessa cena de A Favorita Nelson Xavier ficará pra sempre em nossa memória #VideoShowAoVivo,positivo
589,ai gnt ta dando aflição esse povo batendo no azul!! A Miriam tem q sair hj galeraa  #MasterChefBR,negativo
590,Hoje eu nem comentei sobre #MasterChefBR,neutro
591,"Qdo o telefone do @user tocou, achei q era o meu. Fiquei caçando o barulho. Não acreditei q era da televisão. 😂😂😂 #ConversaComBial",positivo
592,Que fome da porra! Aí eu invento de ir assistir #MasterChefBR,negativo
593,"Dá vontade de pegar o filho do Serginho, agarrar e não largar mais!! 😍😍😍 #AltasHoras",neutro
594,#MasterChefBR vem q vem,positivo
595,#MaisVoce gosto muito da Ana Maria mas esse cabelo dela tá muito feio!!! Muito amarelo!!! Desculpe mas é  verdade! !!,negativo
596,"""vou nem perguntar se gostam de alho"" kkkkkkkkk #MaisVoce",neutro
597,Eu em uma prova de sardinha em lata: Misturo a sardinha em lata no miojo e PRONTO! Temos uma MACARRONADA SARDINHESA 🍝 😂😂😂😂 #MasterChefBR,positivo
598,nunca passei tanto nervoso como hoje #MasterChefBR,negativo
599,Os votos de hoje serão contatos por socos na Miriam e no Leonardo. #MasterChefBR,neutro
600,Bom dia @user  @user @user @user adoro começar o dia com o #MaisVoce,positivo
601,"Por favor, convide  #SamAlves no #AltasHoras de @user  @user. Agradeceria muito ver novamente meu ídolo nesse programa.",negativo
602,Aprendi no #maisvoce que garfo é um talher masculino e faca e colher são talheres femininos. Não sabia que talher tinha sexo.,neutro
603,@user Vou pegar esse voo só pra comer a comida da @user @user e @user #masterchefbr,positivo
604,"O prato tá feio pra dedéu, Vítor. #MasterChefBR",negativo
605,Aqui em casa compramos muita sardinha! Não sabia que era luxo! #MasterChefBR,neutro
606,Ela é minha diva #VideoShowAoVivo,positivo
607,Sonhando com uma máquina dessa de passar e dobrar a roupa aqui em casa. #Maisvocê #OdeioPassarRoupa,negativo
608,"Nao gosto de #passarroupa hoje em dia, imagina antigamente com esse dinossauro😾😹😹 #MaisVoce",neutro
609,Nossa mais o nariz do maluma é quilométrico. Kkkk mas mesmo assim é lindo. #thenoite,positivo
610,Olha a cara dele olhando as palavras da mae adotiva. To chorosa. #encontro,negativo
611,Olha a @user na Praça com a Velha Surda #TheNoite,neutro
612,#VideoShowAoVivo minha primeira vez no tweeter e meu comentário já saiu! Amei/essa tv globo é 10 vídeo show é meu amor! Ota e Joca amo vcs,positivo
613,"a Mirian podia quebra a perna ne, so um pensamento, assim  #MasterChefBR",negativo
614,"São Paulo 11h54 -  Globo #Encontro 9.8,  SBT #BomDiaECia 6.6,  Band #JogoAberto 3.3,  Record #HojeEmDia 3.0",neutro
615,"#MaisVoce Meus olhos não saem da blusa da Ana, linda demaaais 😍😍😍 Nunca te pedi nada, manda essa blusa pra mim Ana. PLEASE!!! 😂😂😂☺☺☺",positivo
616,Eu tô com medo que o Douglas saia :( #MasterChefBR,negativo
617,MUITO BOM o #TheNoite com o @user e a Tania! Ri demais! @user @user,neutro
618,#MasterChefBr @user tá mais maravilhosa ainda hoje,positivo
619,"A regra é clara, ""ovelha negra"" não tem nada a ver com racismo, tem a ver com lã mesmo... gente chata! #Encontro",negativo
620,#thenoite @user @user  Léo Lins já é um mito nas entrevistas das estrelas de Hollywood.,neutro
621,Prepara o coração. Agora que eu morro #MasterChefBR,positivo
622,Fé no pai que a Miriam sai  #MasterChefBR,negativo
623,"Ota, Joca, vcs falando de sotaque, isso pq ainda não me ouviram falar BERNARDES !! 😬🙈  #VideoShowAoVivo",neutro
624,Já entrando no clima pro #MasterChefBR ! Hoje tem!,positivo
625,O moço querendo falar e a Fátima doida pra cortar por causa do tempo #Encontro,negativo
626,#MaisVoce FGTS não é descontado dos salários. Ele é uma obrigação da empresa.,neutro
627,Adorei essa senhora #Encontro,positivo
628,O QUE QUE É ISSO DESSA MIRIAN CONTESTANDO O FOGAÇA?!?!? WHAT THE FUCK #MasterChefBR,negativo
629,Daqui a pouco MASTERCHEF No Ar !!! assistindo a prévia com @user e @user   #MasterChefBR,neutro
630,@user Fiquei emocionada de ver a dona Ana e o seu carinho com ela. #altashoras,positivo
631,Mano olha esse @user sobre o jornalismo na... KKKKKKKKKKKKKKKKKKKKKKKK    #TheNoite,negativo
632,Galera 129 anos da ABOLIÇÃO DA ESCRAVATURA #ÉDeCasa,neutro
633,VIVER É MELHOR QUE SONHAR 🎶 A RAINHA #ConversaComBial,positivo
634,"Um dos piores momentos do #MasterChefBR esse final, sim ou claro?",negativo
635,"Yuko gente como a gente, queria usar o pênis, ficou duro, decepcionou, pensou em fazer picadinho do pênis mas deixou pra lá #MasterChefBR",neutro
636,O prato da @user ficou mais bonito que o da @user. Convenhamos. #MasterChefBR,positivo
637,O #Encontro promovendo pseudociência. LAMENTAVEL! #SandyNoEncontro #QuartaDetremuraSDV #QuartaComFenixSDV,negativo
638,Yuko como sempre vai ficar por último #MasterChefBR,neutro
639,A VOZ DA LUCEROOOOOO É A COISA MAIS LINDA QUE VOCÊS IRÃO OUVIR HOJE   #DomingoLegal,positivo
640,"Dormi antes do #masterchefbr acabar,  foi a vida falando pra eu não assistir a decepção dessa eliminação 😢💔",negativo
641,Bora azulllllll #MasterChefBR,neutro
642,To rindo demaaais hahaha #TheNoite,positivo
643,"""Homem q é homem n tem q lavar louça n""  MEU QUERIDO? EM QUE MUNDO VC VIVE??? #Encontro",negativo
644,"23h45 - Globo 12.3, RecordTV 7.1, SBT 5.9, Band 5.8 #MasterChefBR",neutro
645,"@user adorei saber mais sobre você! Não sabia que comia carne, legal isso de não ser radical #altashoras",positivo
646,"Gente do céu, nem assisto mais o #AltasHoras por causa desse insuportável do Marco Luque, que cara bem sem graça. Tenho 100 tipos de nojo.",negativo
647,#MasterChefBR Viiuuuuuu Surra de Sorvete de cachaça de Jambu 😍 Chama ele aí pro #Allcolinária @user,neutro
648,"Não lembro da atriz Isabel Ribeiro, taí mais um bom motivo p/ prestigiar o #MemóriaNacional, p/ conhecermos essas estrelas! #VídeoShowAoVivo",positivo
649,"Poxa, o @user saiu ontem do. #MasterChefBR. Eu gostava das performances dele. Kkkk",negativo
650,Gente o treinador da @user hahahahah #MasterChefBR,neutro
651,Maiara e Maraisa cantando belchior ❤️❤️❤️   #ConversaComBial,positivo
652,"Eu amo a Sandy, mas ela se veste muito mal, sempre com roupas de velha, que não valoriza ela.  #Encontro",negativo
653,Consolidados - SBT (17/05):  #TheNoite 4.4 #SBTNotícias I 3.2 #SBTNotícias II 2.6,neutro
654,"Hora de levantar, arrumar a casa e me preparar pro melhor evento da minha semana: #MasterChefBr POOOORRAAAA! 😂❤😍",positivo
655,#MasterChefBR eu to bem triste 😭😢,negativo
656,O Brasil é uma rapariga mesmo #TheNoite,neutro
657,Padre Fábio está com a cadimia em dia #ConversaComBial,positivo
658,Eu nunca vi em nenhum programa participante sair por q se acidentou! Houve um sensacionalismo ali na hora! #MasterChefBr,negativo
659,tô dormindo de uniforme pra ajudar @user #ConversaComBial #MaiaraeMaraisaNoBial,neutro
660,"Minha rotina de toda quarta-feira nos últimos dias: acordar,assistir #MasterChefBR  no YouTube. AMO o estagiário que acorda cedo pra postar.",positivo
661,Não acredito que hoje não sai nem Miriam e nem a Taize nem sei como escreve o nome da peste #MasterChefBR,negativo
662,"medo de baratas: eu tenho, vc tem, paolla oliveira tem, todo mundo tem #VideoShowAoVivo",neutro
663,#eDeCasa Falar Sobre Mae 💓😍 tema Bom Demais,positivo
664,Não consigo mais ficar acordada pra ver #MasterChefBR,negativo
665,fernando foi o único que tomou uma cachaça de jambu e tá ali de boas #MasterChefBR,neutro
666,Paolla Maravilhosa como sempre ❤ #VideoShowAoVivo,positivo
667,Ainda bem que não assisti #MasterChefBR muito triste que o Vitor B saiu,negativo
668,Mas eu me mordo de ciuuuuuuumeees #TheNoite,neutro
669,Aí que tuuuudo @user no #VideoShowAoVivo,positivo
670,Acho q eh o fim da linha p o vigor b! #MasterChefBR,negativo
671,#MasterChefBR Alguém gosta de basquete? SDV,neutro
672,Amo o Vitor B. #odeioamirian #MasterChefBR,positivo
673,Uso da cor pra doutrinação partidária usando Bob Marley e maconha ?? #Encontro ou panfleto político partidário ?,negativo
674,"Meu sonho é comer uma barca de açai ou de hambúrguer, batata, sei lá KKKKK 😍 #MaisVoce",neutro
675,Não tenho frescura pra comer e se a comida for de graça muito menos #MasterChefBR,positivo
676,Sai a Nayane e deixa o Vitor B  #MasterChefBR,negativo
677,Preciso dessa receita... Na minha mesa agora #MaisVoce,neutro
678,P. Fábio de Melo sempre impressionando !!  #conversacombial,positivo
679,MEU DEUS ME AJUDEM #DomingoLegal,negativo
680,"""For compra o presente da minha mãe,e ninguém vai saber ""😂 pow criança é muito ingénua   #Encontro  @BoraPraTag  @belardo_SO  @Eulay18",neutro
681,O diretor do filme esteve ontem no #TheNoite com @user e fiquei com vontade de assistir. Parece ser muito bom #SigaORastro,positivo
682,To chocada com a bomba que a Sônia Abrão mandou agora no #ATardeESua sobre o #MasterChefBR 😱😱😱,negativo
683,Começou a reprise do #MasterChefBR.  Preciso assistir pq só vi o finalzinho terça feira.,neutro
684,#VideoShowAoVivo Fátima realmente é um exemplo de pessoa/mulher a ser seguido.,positivo
685,Que agoniiiiia #MasterChefBR,negativo
686,@user quando vai ter o jogo de panelas de novo?!  #MaisVocê,neutro
687,"Antônia de Morais é das minhas! Salto alto, nunca mais!😁#VideoShowAoVivo",positivo
688,"HAHA @user sentiu a falta dos #twitters hoje! "" - Vocês devem estar bem ocupados!!"" 📺👀😂 Eu também tô com vocês viu!!! #VídeoShowAoVivo",negativo
689,Quanta coisa da vida da Fátima que eu não  tinha visto #VideoShowAoVivo,neutro
690,Materia linda no #encontro ❤️,positivo
691,Obrigada #masterchefbr por me transformar num zumbie hoje! 😂😴,negativo
692,Agora Partiu Ver @user na globo em #ConversaComBial #MaiaraeMaraisaNoBial....,neutro
693,#VideoShowAoVivo parabens a vcs do video show a cada dia que passa vcs arrazao,positivo
694,mas que tema ridículo ein Fatima #Encontro,negativo
695,#VídeoShowAoVivo kkkk sei não essa mãe de leo e uma onda,neutro
696,"A terceira música nem acabou, e eu já tô lembrando da gente fazendo amor... #MaiaraeMaraisaNoBial #ConversaComBial",positivo
697,O humor do Porta dos Fundos é de fundão mesmo. #TheNoite,negativo
698,Interessante esse prato hein #MasterChefBR,neutro
699,#BoletimDeSegunda o @user mostrando o fã clube do Lula. Berrooooooooo! 😂 #TheNoite @user @user.,positivo
700,Namaria tá de pijama?  #maisvoce,negativo
701,"Faz patê de sardinha, galera 😂 #MasterChefBR",neutro
702,Eu amo #MasterChefBR isso é sério,positivo
703,"#VídeoShowAoVivo ainda bem que avisaram, ananhã nem ligo na globo",negativo
704,#VideoShowAoVivo é a Fátima Bernardes.,neutro
705,"Jamais ia saber que era a Viviane Pasmanter,que fazia esse personagem na novela,incrível. #MaisVoce",positivo
706,Por que a análise do Fogaça é quase sempre cortada? Fica aí o questionamento. #MasterChefBR,negativo
707,"A palavra que sempre falo nas tercas na hora do #MasterChefBR é ""To Com Fome""✌",neutro
708,"Adorei essa votação, bem mais emocionante #MasterChefBR",positivo
709,Como comemorar com uma eliminação entre Vitor B x Yuko? Não dá... QUE MERDAAAAAA #MasterChefBR,negativo
710,O gigantossauro personal da Kefera no masterchef hahahha #MasterChefBR,neutro
711,"#MasterChefBR masterChef profissionais, gosto pq tem várias tretas",positivo
712,Pula pra agosto 😭😭😭  #DomingoLegal,negativo
713,#EDeCasa nossa !!!!,neutro
714,"Não sei se o Vitor vai ganhar o #MasterChefBR, mas essa edição é todinha dele❤",positivo
715,Como essa mulher é grossa! Aff... Estupida! #encontro #forafatima,negativo
716,Vai ser o Melhor episódio do #MasterChefBR se a Mirian sair!,neutro
717,hj o #ConversaComBial é pra mim,positivo
718,Missão do dia: evitar spoilers #MasterchefBR,negativo
719,#SBTNotícias com as principais notícias do Brasil e do Mundo com @user! É logo após o #TheNoite! #NãoPercam,neutro
720,O Bial atacando o Pd. Fabio e ele dando uma surra de boas respostas! #conversacombial,positivo
721,Fiquei com pena do Victor B. #MasterChefBR,negativo
722,O que é o depoimento dessa mulher no #Encontro com #FátimaBernardes? Parece que ela ta recitando a lista da feira! 🤔,neutro
723,#MaisVocê mt engraçado @user dando bom dia pro louro,positivo
724,O MEU FAV SAIU AFSSSS NÃO ACREDITO #MasterChefBR,negativo
725,Tão dizendo que é  nina  #ConversaComBial,neutro
726,@user sempre linda!! ❤ #VideoShowAoVivo,positivo
727,#MasterChefBR vendo esses pratos da equipe azul eu ja estou ficando nervosa😞😞,negativo
728,Lucero eu tô tremendo Lucero #DomingoLegal,neutro
729,Rodrigo Santoro é uma influência de ator para mim. #ConversaComBial,positivo
730,Perdi #MasterChefBR não acreditooooo,negativo
731,Calabokinha pq começou o #MasterChefBR,neutro
732,Ana Luíza &amp; Débora 💚 #MasterChefBR,positivo
733,as cobras estão juntas destilando o veneno já #MasterChefBR,negativo
734,@user me surpreendendo em cada programa! #MasterChefBR,neutro
735,"O filho do djavam,tem a mesma voz,linda voz!#encontro",positivo
736,"Esse #ConversaComBial é quase a mesma coisa do programa do Jô, esperava algo mais original.",negativo
737,"O quase filho ga Giuliana da #TerraNostra é o Zac da #RockStory  Sorry, não sei o nome do ator. =D #VideoShowAoVivo",neutro
738,#TheNoite  vai ser muito bom 30 anos da #praçaenossa @user,positivo
739,Nem acredito que vou ter que assistir o #MasterChefBr sem torcer por vc @user 😭😭 Deveria ter repescagem 😃😘😘,negativo
740,Consolidados - SBT (11/05):  #TheNoite 5.8 #SBTNotícias I 4.1 #SBTNoticias II 2.9,neutro
741,Exemplo de sobremesa: creme de cupuaçu. Delícia. #MasterChefBR,positivo
742,Passei a aula de física inteira cheirando meu casaco E ainda me julgam por causa disso #AltasHoras,negativo
743,"#MasterChefBR ""um segundo pessoal, eu disse UM SEGUNDO, anda"" Quem concorda q a @user deveria tomar conta do relógio do ENEM? kkk",neutro
744,"""Cada um que expulse o Diabo que criou."" Pde Fabio de Melo. Muito a refletir nessa frase #conversacombial",positivo
745,"Hoje no #conversacombial vai estar o meu amado padre. Só q gente,olha só a hora desse programa.",negativo
746,Tem anos que não uso ferro que não passo roupa.  #MaisVocê,neutro
747,"Tá fácil ficar lendo essas coisas no trabalho, sobre o #VideoShowAoVivo com a @user",positivo
748,#MasterChefBR eu teria que me trancar a sete chaves,negativo
749,#VideoShowAoVivo   Cláudia Raia,neutro
750,A YUKO É MUITO FOFA CARALHO VAI TOMAR NO CU #MasterChefBR,positivo
751,@user Quero meus lindos @user e @user de volta no #MasterChefBR  😭😭😭,negativo
752,"Depois de hoje, tava na cara que o Vitor ia sair! #MasterChefBR",neutro
753,#altashoras a Sophia Abrahão é linda e a cara da Cláudia Raia,positivo
754,"Verdade, saudade de ir no banheiro sozinha 😑 #altashoras #vidadeMae ❤",negativo
755,@user o que um unicórnio  come? Nuvem!!! #MaisVoce,neutro
756,"Gente, amo inhoque e a Tais Araújo dispensando? Manda pra mim #namaria ! 😂😂😂😂 #maisvoce",positivo
757,"Douglas é bem debochada, né? Preguiça #masterchefbr",negativo
758,Sempre q via a Maiara e Maraisa na propaganda do CD via uma mulher só e queria conhecer a outra. Aí descobri que são gêmeas #ConversaComBial,neutro
759,"#altashoras @user Convide Eriberto Leão p/cantar""Hurricane-Furacão) p/que eu possa participar de convidado na platéia que será o melhor",positivo
760,Pega pega é o nome da nova novela das 7? A criatividade manda lembranças #MaisVoce,negativo
761,@user é um monstro neh ?👏👏👏 #ConversaComBial,neutro
762,@user sua linda te vi no @user com @user e amei sua história. #TheNoite,positivo
763,"E dale porrada no #MasterChefBR . Não fez prato bom, leva um direto!!",negativo
764,Quem vai assistir #MasterchefBR agora também?,neutro
765,"#Encontro.  Homem que é homem, não só lava a louça como cozinha também.  Companheirismo é a palavra. A questão não é ajudar.",positivo
766,Entendi a intenção dos 2 ringues mas achei meio brega e confuso #MasterChefBR,negativo
767,#MaisVocê pombo a passarinho 😂😂😂😂,neutro
768,É o tchaaaaan. Eu te amooo!!! #AltasHoras,positivo
769,"MANO, VOU CHORAR #MasterChefBR",negativo
770,Esse cara de preto perto do tchan me representa muitooooo #AltasHoras,neutro
771,Eu serei uma velha jovem tipo a Ana Maria Braga! #MaisVoce,positivo
772,Triste em ver o V.B. saindo 😭😭😭 #MasterChefBR,negativo
773,"Esse episódio foi foda,foi emocionante! #MasterChefBR",neutro
774,Paolla e o cachorro é a coisa mais fofa e LINDA desse mundo ❤ #VideoShowAoVivo,positivo
775,#Encontro Fui abusada na infância e até hj não consigo falar sobre o assunto. Muito menos perdoar os abusadores q já faleceram.,negativo
776,"23h00 - Globo 19.5, SBT 8.8, RecordTV 6.2, Band 5.0 #MasterChefBR",neutro
777,Tiê maravilhosaaaaaaa no #Encontro 💙,positivo
778,E essa mulher fica mais 1 semana... #MasterChefBR,negativo
779,"o problema da galera é q quando eles vão cozinhar algo pensando no norte, acho q eles tentam buscar o nordeste por ser proximo #MasterChefBR",neutro
780,De olho no....♡👀#VideoShowAoVivo,positivo
781,Melhor dia vai ser ver Leo e Miriam saindo juntinhos do #masterchefbr,negativo
782,"#VideoShowAoVivo,melhor horário pra se almoçar é assistindo vocês",neutro
783,"@user fala tão lindo, tem uma calmaria na voz 💜 #ConversaComBial",positivo
784,#MasterChefBR quem são os 20% q tão torcendo p time vermelho? Eu só tô vendo azul rsrsrs,negativo
785,Mano o povo está falando: Eu já falei vou repetir...  O que eu entendo :Eu já falei vou repetir é a Lucero que manda aqui   #DomingoLegal,neutro
786,Muito lindo o filho dele socorro #AltasHoras,positivo
787,Vou ficar tonta @user #conversacombial  #MasterChefBR,negativo
788,Tem gente impressionada por a mulher ter 9 filhos.... Minha vó teve 23 #Encontro,neutro
789,#Thenoite está maneiro hoje 🤙🏽#Maluma #danilogentili,positivo
790,@user Senti sua conversa c/Santoro sobre americanos em relação ao Trump foi mal informado e enviou a mensagem errada. #ConversaComBial 1/2,negativo
791,Isso é a Fátima Bernardes @user #VideoShowAoVivo,neutro
792,Minha Diva!!!!!! #Sandy  #Encontro,positivo
793,Porra que medo kkkkkkkkkkkkkk #TheNoite,negativo
794,"Agora tem Carlos Alberto de Nóbrega comemorando os 30 Anos da ""#APraçaÉNossa"" 😂😂😘 no #TheNoite do @user no @user.",neutro
795,"Já, já 📺 #NasNovelasDaNoiteSBT #CarinhaDeAnjo122😍 #Chiquititas171💙 Logo mais: #ProgramaDoRatinho  #CineEspetacular #TheNoite  @SBTonline.",positivo
796,#Encontro.  Tô tentando mas ainda não sei quem é Manoel. É ator?,negativo
797,"Vai fala da Nina, aguenta coração #ConversaComBial",neutro
798,"#VideoShowAoVivo  Progama mais do que show, amo esse progama, não perco por nem um dia.... #amo",positivo
799,"O dia inteiro falando de NOVELAS, que bosta de  TV..............  #encontro",negativo
800,"Gente, quero esse mapa astral da Sandy! Comofaz? #Encontro",neutro
801,"Não estou sabendo lidar com o filho do Serginho puxando o ""vau vau"" pelo estúdio 😍 #altashoras",positivo
802,Sardinha com queijo??????? #MasterChefBR,negativo
803,#MasterChefBR vamos lá,neutro
804,Mônica  😍😍😍#VideoShowAoVivo,positivo
805,Coitado do Vitor B #MasterChefBR,negativo
806,"""Todo PM sai de casa querendo salvar uma vida [...] ajudar alguém"", moço, Cabo Theodoro, vc tá numa utopia... #Encontro #EncontroComFatima",neutro
807,pe Fábio de Melo melhor pessoa  #ConversaComBial,positivo
808,"Vitor ralou a tampa do dedo. Aquele descascador é potente, credo #MasterChefBR",negativo
809,#MasterChefBR começou! Hoje é dia de frango com batata doce.,neutro
810,Assistindo #conversacombial com o #padrefabiodemelo. Excelente #talkshow. Entrevista inteligência e com humor na medida certa.,positivo
811,leonardo cada dia mais invejoso  #MasterChefBR,negativo
812,"Thomas e Valval se divertindo no #AltasHoras Fernanda, como sempre, super discreta. E sdd da D. Ana",neutro
813,"Ain, céus. Olha essa foto como Jax. Minha nossa...❤#TheNoite",positivo
814,"Nicolas Prattes, o Zack de Rock Story. Não mudou nada o resto de Terra Nostra pra cá. #VideoShowAoVivo",negativo
815,Ricardo Tozzi um homão desse #VideoShowAoVivo,neutro
816,Eu acho a coisa mais linda do mundo o Serginho falando e mostrando a família dele. Me emociona mesmo! #AltasHoras #AmorDeFamília,positivo
817,embuste da miriam ficou 😒#MasterChefBR,negativo
818,Já quero #DiegoDarksonMc no #VideoShowAoVivo,neutro
819,Vanessa da mata no #AltasHoras 😍 Amo muito ❤,positivo
820,Pena que recebo spoiler a cada tweet nessa timeline. #MasterChefBR,negativo
821,Vocês tão me matando de fome #MaisVoce,neutro
822,#MasterChefBR Ainda bem que os lutadores estão descontando a comida que não agradou nos bonecos viu!,positivo
823,Todo mundo odeia a Mírian #MasterChefBR,negativo
824,Que fome!! Quero!!! #maisvoce,neutro
825,AMO A YUKO E VOU DEFENDÊ-LA  #MasterChefBR,positivo
826,#MaisVocê Ana Maria nunca viu um ferro de passar...afff...,negativo
827,Imagina se aproveitam os ringues e alguns se pegam por ali? 🤔 #MasterChefBR,neutro
828,VEEEEM VERMELHOOOO #MasterChefBR,positivo
829,MEU AZUL TEM Q GANHAR #MasterChefBR,negativo
830,Impressão minha ou a Ana Maria falou dibrar ?? Kkkkkkk #MaisVoce,neutro
831,Essa história sobre adoção no #Encontro fazendo nós chorar litros.,positivo
832,Deixou a moça no vácuo #MaisVocê,negativo
833,A roteirista do #MaisVoce hoje é a @user repassem,neutro
834,AMEI AAAA MEU CRUSH TÁ AINDA NA COMPETIÇÃO AAA #MasterChefBR,positivo
835,"Fui assistir #MasterChefBR ontem, dormi e agora descobri que meu Vitor saiu AAAAAAAAAAAAAAAAAAAAAA",negativo
836,"#VideoShowAoVivo eae, vamo falar da #DiretasJá ?!!!",neutro
837,"Braulio Bessa, que homem!!! #Encontro #DiadasMães ❤️",positivo
838,Aquarela bxjsjdjjwjs eu tô tremendo  #DomingoLegal,negativo
839,É O Tchan No #AltasHoras,neutro
840,Admiro essas mulheres que fazem parto natural. #AltasHoras,positivo
841,"@user Nao faz assim, fica c nós!!!!! #MasterChefBr",negativo
842,NaMaria já mandou o recado: parem com o bullying com a Taís. #maisvoce,neutro
843,"#TheNoite  o melhor quadro, Mestre mandou .",positivo
844,Eu não entendi uma coisa. No prato do Fabrizio só tinha o tomate de bom e no da Yuko tava tudo gostoso. Pq ele subiu?  #MasterChefBR,negativo
845,Lua tá parecendo filha da Fátima #LuaBlancoNoEncontro #Encontro,neutro
846,"Adorei Maiara e Maraisa no programa do Bial, maravilhosas! #ConversaComBial",positivo
847,"Coloca esse frango no forno logo, @user. #masterchefbr",negativo
848,@user que horas vc chega em Belém/Aeroporto? Quero ir lá bater uma foto com vc. #VideoShowAoVivo,neutro
849,Amando cada pedacinho dessa entrevista com minha diva Fátima #VideoShowAoVivo,positivo
850,O prato de hoje é esse vomito selado com esse gorfo verde etc #MasterChefBR,negativo
851,Comida para passarinho #MasterChefBR,neutro
852,Mayara e Maraysa Cantando Elis Regina no #conversacomBial manoooo 😍😍😍😍😍😍😍❤❤❤❤❤❤❤❤❤,positivo
853,#ConversaComBial poderia interagir com o público! #UmaIdeia #SóAcho,negativo
854,Vamos tomar um café com notícia boa? É no #MaisVoce,neutro
855,"#MasterChefBR amo esse programa.! Ana Paula me manda um bjo, gosto muito de vc.",positivo
856,A Ana Maria está apresentando o #MaisVoce ou o Note e Anote? Kkkkk,negativo
857,Me avisem quando começar A PRÉVIA? #MasterChefBR,neutro
858,"Isso sim é exclusivo, Carlos Alberto vai virar youtuber.. 🙌🙌 @user #TheNoite #APraçaéNossa",positivo
859,"#MasterChefBr vai Fogaça, vai caralho ~Carosella Voice",negativo
860,Flora e Donatela depois de 40 anos cantando Beijinho Doce na Rede Globo #Encontro,neutro
861,"O poeta tem um olhar sobre o mundo que às vezes muitas pessoas não tem. O olhar crítico e filosófico ao seu redor, sobre tudo... ❤ #Encontro",positivo
862,Fala sério só tá saindo o povo massa do #MasterChefBR 😭,negativo
863,@user   Sophia Abrahão  Como  foi a participação do Sérgio malheiros   #altashoras,neutro
864,Emocionante a homenagem que a galera do #TheNoite com @user estão fazendo para o #CarlosAlbertoNóbregaNoTheNoite,positivo
865,Acabou o jogo mudei pro #MasterChefBR e tô tentando entender o programa mas tamo aí!,negativo
866,‶Dia de Grêmio‶ ‶FELIZ DIA DAS MÃES‶ ‶HOJE TEM PALMEIRAS‶ #AltasHoras #EstamosJuntosVasco,neutro
867,Impressionante como #MasterChefBR só melhora a cada temporada.O episódio de ontem foi o melhor de todos!,positivo
868,"Minha opiniao sobre o #ConversaComBial de hoje: um festival de clichês, tá muito chato. E a terceira vez que assisto, este é o pior de todos",negativo
869,Só acho que a Sophia deveria desfilar hoje. #videoshowaovivo,neutro
870,"'Não importa se é ateu ou católico, se somos todos bem intencionados, tds queremos o bem da humanidade"" Essa padre 😍#ConversaComBial",positivo
871,ESSE SERTANEJO QUE TÁ NA FÁTIMA PARECE COM AQUELES DE CABELO ROSA DA DIVA DA DEPRESSÃO #ENCONTRO,negativo
872,"22h45 - Globo 21.5, SBT 8.8, RecordTV 7.6, Band 3.9 #MasterChefBR",neutro
873,a mãe do Serginho era fofa e lgl ah gente #AltasHoras,positivo
874,"#Encontro rouba 3min, todo dia do jornal local. coloco na globo 10min depois da 12h pra n corre riscos. prefiro desencontrar #GloboGolpista",negativo
875,Gente eu achei que acordei bêbado ainda do role de ontem e a Nivea Stelman tinha engordado. Essa mulher Roberta é a cara dela #EDeCasa,neutro
876,@user jogando torta no povo Socorro que maravilhoso kkkkkk #VideoShowAoVivo,positivo
877,É muito vergonhoso ver que os participantes não conhecem quase nada da culinária do Norte!  #MasterChefBR,negativo
878,mano Maiara KKKKKKKKKKK #ConversaComBial,neutro
879,#MasterChefBR Hj é dia de preparar algo  pra comer na hora do programa #FomeSempre😋💕,positivo
880,"""Parem com essa tradição maldita de culpar a vítima."" #Encontro",negativo
881,Meu pai tá na TV #McCatra #TheNoite 😘,neutro
882,"O Vitor não vai sair por falta de torcida, isso é certeza! #MasterChefBR",positivo
883,O DANILO DO HIPERTENSÃO DE 2010 NO MASTERCHEFF AHHHHH #MasterChefBR,negativo
884,Estrogonofe de sardinha é uma iguaria mto apreciada no meio universitário #MasterChefBR,neutro
885,"Acabou, amei o programa mais uma vez você @user lacrou muito sucesso, continue assim te amo #VideoShowAoVivo",positivo
886,fui tombada achei eles iriam cantar eu era #Encontro,negativo
887,Hoje no #MasterChefBR os participantes irão passar por uma prova de resistência onde vão experimentar o nhoque de abóbora da Ana Maria Braga,neutro
888,Quero o Thomas no #AltasHoras toda semana! 😄 Bebê mais lindo!!!! 😍,positivo
889,"Sem noção Yuko colocar essa quantidade de tempero na almôndega, se eu fosse capitã ficaria putíssima #MasterChefBR",negativo
890,#videoshowaovivo pq o Ota fica olhando pro lado ?,neutro
891,Como é bom ouvir o @user! Bom seria se todos os religiosos tivessem essa sabedoria e discernimento! #ConversaComBial,positivo
892,"""homem que é homem não lava louça""  Se piroca lavasse louça toda mulher ia querer ter um macho bb #encontro",negativo
893,Foi só eu falar que o Valter foi destaque positivo #MasterChefBR,neutro
894,Respeita que o cara é foda #TheNoite,positivo
895,Acarajé de SUSHI! AH VAO DORMI PQP #MaisVoce,negativo
896,@user Passar roupa é facio #maisVoce,neutro
897,#Conversacombial o talkShow q vc respeita! #Bemassim,positivo
898,"Aff Ana Maria, foca mais na carreira da Vivianne Pasmanter, mal conversa com ela, que bosta.  #MaisVoce",negativo
899,#encontro com Fátima Bernardes,neutro
900,"Se for comparar, a Fátima quase sempre teve os cortes de cabelo parecidos com o da Celine Dion. Duas rainhas ❤ #VideoShowAoVivo",positivo
901,"n era pro Vitor B ter saído, uns dos meus fav :( to triste #MasterchefBr",negativo
902,#TheNoite @user tô fazendo acumpuntura junto com a placa mio relaxante odontológicaAcumpuntura está associada à várias disciplinas,neutro
903,JAMAIS TIRE ESSE TRIO FOGAÇA JACQUIN CAROSELLA É TUDO QUE PEÇO #MasterChefBR,positivo
904,Rever cenas da Marieta Severo dá uma saudade da dona Nenê de #AGrandeFamília! #VídeoShowAoVivo,negativo
905,@user  hj vc não sai #MasterChefBR,neutro
906,"eu gosto tanto do memoria nacional porque eu tenho a oportunidade de ""conhecer"" tanta gente #VideoShowAoVivo",positivo
907,Mta emoção no #Encontro @user @user Como sempre o tema #adoção nos transborda o coração! #amorPraSempre,negativo
908,#MaisVocê ajude uma pessoa friorenta ganhar o pijama da @user da RT p/ q meu tt chegue até ela,neutro
909,@user Mariana Xavier é muito parecida com a mãe Fabiana Carla. Incrível! #VideoShowAoVivo @user,positivo
910,#MaisVoce NAO QUERO !,negativo
911,é a Fátima Bernardes ela acabou de postar KKKKKKKKKKKKKK KKKKKKKKKKKKKK #VideoShowAoVivo,neutro
912,Augusto Cury MARAVILHOSOOOOOO!!!!   Melhor #ConversaComBial,positivo
913,"#AltasHoras quem é esse de preto, achando que é o jacaré, dançando na platéia as músicas do tchan kkkkkkkkk",negativo
914,AnaMaria de Unicórnio no dia q Camila Cabello lança música n pode ser coincidência😂 #ihavequestions #CryingInTheClubMusicVideo #MaisVoce,neutro
915,Entrevista foda!! Esclarece muita coisa. Sensacional!! @user #TheNoite,positivo
916,Quase não tem sal mas tá bem temperado... será ?#MasterChefBR,negativo
917,#VídeoShowAoVivo Otaviano. Voce lembra de mim sou eu maria Cristina sou eu eu mesma  dei meu segundo livro para você e Vídeo pera mim,neutro
918,"Pelo menos  a @user chegou atrasada e linda, eu chego atrasada parecendo um zumbi #VideoShowAoVivo",positivo
919,Se fosseu eu nesses 5 minutos é que eu ia começar a fazer e ainda conseguiria empratar #MasterChefBR,negativo
920,#VideoShowAoVivo em vez de nub podia ser nudes!!!!,neutro
921,@user Maiara me emprega? hahah #ConversaComBial.,positivo
922,Esse #MasterChefBR virou um programa para intrigas 🙄🙄,negativo
923,"@user ,vc já pode fazer maratona  Padre Fábio de Melo no  #ConversaComBial,grata.",neutro
924,Agora tem ator lindo Charlie Hunnam 🎬😘 no #TheNoite com @user no @user. #CharlieHunnamNoTheNoite,positivo
925,"Pior coisa é você passar por isso com 12 anos e sua mãe n acreditar em você.. ""Castigo pra pedofilo tem que ser cadeia perpétua ""😠 #Encontro",negativo
926,"Vanessa da Mata não tem só ""Ai ai ai"" de música, mas é inevitável ela ir num programa e não cantar. Um hino, né, mores? #AltasHoras",neutro
927,Rodrigo Santoro pleno e maravilhoso. Um orgulho nacional ❤ #conversacombial,positivo
928,Ver o #Masterchefbr dessa semana me fez chorar muito 💔,negativo
929,Aqui na região de Campinas fala-se juju para esse sacolé #VídeoShowAoVivo,neutro
930,"#Encontro.  D. Ivonete, mãe  de Manoel, super mãe!",positivo
931,Esse gordinho é a peste viu #MasterChefBR,negativo
932,Minha mãe sempre fazia Macarrão com sardinha #MasterChefBR,neutro
933,O filho do Serginho é um encanto #Altashoras,positivo
934,"#VideoShowAoVivo povo idolatra uma exBBB que se ñ fosse por eles ela nem existiria, confundem beleza de Sophia com talento de apresentar 😣😣😣",negativo
935,Consolidados - SBT (09/05):  #TheNoite 3.3 #SBTNotícias I 2.5 #SBTNotícias II 1.9,neutro
936,"Otaviano falando cuiabano 😂😂😂😂😂 gente nos falamos assim meixmo, votê  #VideoShowAoVivo",positivo
937,Coitado do @user  #TheNoite,negativo
938,Tem um monte de menino que usa personagem feminina em jogos #Encontro,neutro
939,@user no #Encontro !! Agora acredito que vá ao ConversaComBial @user @user,positivo
940,COMO ASSIM O VITOR SAIU??????? NAOOOOOO #MasterchefBR,negativo
941,Globo Recife (17/05) #VideoShowAoVivo 19.6 #NETV2 33.4 #JN 32.7 #Futebol 38.2 #JornalDaGlobo 22.3 #ProfissãoReporter 15.4,neutro
942,O cabelo mais famoso do Brasil #VideoShowAoVivo,positivo
943,Eita que hoje está pegando fogo! Literalmente! Kkkk #MasterChefBR,negativo
944,nao sei pra quem torcer nao quero que o vitor saia mas tbm quero que a yuko fique aaaaaaaaaaaa #MasterChefBR,neutro
945,#MasterChefBR Estou apaixonado pela Paola SIM ❤,positivo
946,"#masterchefbr olá Mírian, gostaria de dizer que ninguém gosta de você",negativo
947,Quem autorizou o mezanino participar da regressiva? #MasterChefBR,neutro
948,#VideoShowAoVivo A FORÇA DO QUERER MELHOR NOVELA PARA QUEBRAR TABUS,positivo
949,"Percebo q está visão é bastante psiquiátrica e pouco psicológica #ConversaComBial não curti tantas sugestões, diagnósticos e recomendações",negativo
950,#MaisVoce certamente que tem coisas mais importante que o dinheiro,neutro
951,O melhor #ConversaComBial eveeerrr!!!,positivo
952,Morrendo de medo do avental azul  #MasterChefBR,negativo
953,"Eai, Vamo se da uns obrigado por tudo   obrigado por tudo :bj #encontro #QuartaDetremurasdv",neutro
954,Adoooro 'É o tchan' #altashoras,positivo
955,Ranço  desses macho ranço #Encontro,negativo
956,#MasterChefBR vai começar,neutro
957,QUE LINDOOOOOO O #DomingoLegal,positivo
958,Um salário do Guerrero paga 3 shows da Maiara e Maraisa. Flamengo podia ver isso.  Haja sofrencia no sofá.  @maioralvinegro #ConversaComBial,negativo
959,Fátima Bernardes foi picada pelo ryca vírus #VideoShowAoVivo,neutro
960,Adoro a sinceridade da Maiara @user #ConversaComBial #MaiaraeMaraisaNoBial,positivo
961,Nem adianta chorar pq n convence os jurados não #MasterChefBR,negativo
962,A filha de Carolina Kasting é a cara da mãe😱 #Encontro,neutro
963,"Eu sou ""meseira"" e nem sabia!!!! #meseira #MaisVoce",positivo
964,Nunca vamos merecer ver o filho da Sandy? #Encontro,negativo
965,"Bobby azul foi hospitalizado e não passa bem, sua equipe tbm não #MasterChefBR",neutro
966,Vou comentar sobre o #MasterChefBR no tt SIM e quem n gostou me processa,positivo
967,"Se eu fico tenso de fazer um ovo com minha mãe me olhando, imagina cozinhar pra esse tanto de gente? Eu ia ter um treco #MasterChefBR",negativo
968,A paolla de costas kkkk sou eu agora #MasterChefBR,neutro
969,#MasterChefBR muito emocionante hoje!!,positivo
970,"@user Larga esse merda do seu marido, ele é verme, bandido ou vc vai compactuar com a criminalidade? #SextaDetremuraSDV #Encontro",negativo
971,E o próximo #MasterChefBR será o Profissionais. Desistiram do Kids?,neutro
972,Meu prato hoje no #MasterChefBR seria fritar a sardinha e cortar um limão p colocar ao lado do prato. Só isso. Sardinha frita! Maravilha! rs,positivo
973,Aaaaah não kkkkkkkkkkk @user #ConversaComBial #MaiaraeMaraisaNoBial,negativo
974,#VideoShowAoVivo Queria que Mônica irose voltase Por favor Mônica volta depois que terminar bater retro,neutro
975,Nham 😋 qnt comida gostosa #MasterChefBR,positivo
976,"era só o que faltava né, que cara ridículo #Encontro",negativo
977,COMO ASSIM O CARLOS ALBERTO DE NÓBREGA TEM 81 ANOS?! :OOO  #TheNoite,neutro
978,"#AltasHoras Tomás é muito bonitinho,to apaixonada❤",positivo
979,TEM QUE SAIR OS DOIS #MasterChefBR,negativo
980,Parece meu pai me emprestando o carro 😂😂😂😂 #MasterChefBR,neutro
981,"meus favs na mesma equipe, amém #EquipeAzul #MasterChefBR",positivo
982,@user não passa nem ar #MasterChefBR,negativo
983,sopa de piroca #MasterChefBR,neutro
984,Eu quero ser amigo dessa cara de preto na platéia. Alguém me passa o whats dele #AltasHoras,positivo
985,"E, agora toca o telefone dele.  Ain.. Que indelicado! #Encontro",negativo
986,#MasterChefBR equipe azul,neutro
987,Carlos Alberto de Nóbrega falando sobre os 30 anos dele na Praça é nossa no #TheNoite tá muito legal,positivo
988,Tem rã viva hj no #MasterChefBR ? Me avisa p eu nem começar a assistir.,negativo
989,Aquele momento que é  00:30 e você está com vontade de cozinhar sardinha por causa do @user pois é 😅😅 #MasterChefBR,neutro
990,PQP o Maluma é muito lindo! 😂💜💜 #TheNoite,positivo
991,ele já ta tenso e esse povo ainda fica gritando ah plmdds nem #MasterChefBR,negativo
992,#VideoShowAoVivo a expressão levar farelo significa levar a pior!,neutro
993,Agora é a vez do meu anjo  #MasterChefBR,positivo
994,"Meu God, ainda estão falando do tal nhoque de abóbora!!! Manda pra cá que eu como tudo e acaba com isso logo. #MaisVocê",negativo
995,O maluma não gostou do abraço da Juliana. Kkkkkkkkkkkkkkk #thenoite,neutro
996,Vitor B ficou que lindo❤️  #MasterChefBR,positivo
997,mds tá muito acirrado tô nervougfj #MasterChefBR,negativo
998,Um dente  #MasterChefBR,neutro
999,Tony Bellotto falando sobre o exercício como forma terapêutica de olharmos os nossos fantasmas #ConversaComBial FATO!,positivo
1000,PASSA NO SEU NAMARIA!  #MaisVoce,negativo
1001,"#MaisVocê Louro, ajuda aí, estão destruindo a pantufa da Ana Maria. Kkkkkk",neutro
1002,@user aaaaah que saudade que eu tava de assistir video show e principalmente te ver nas telinhas #VideoShowAoVivo,positivo
1003,to esperando o clipe. nao tenho paciência nao. #DomingoLegal,negativo
1004,É a Totia Meireles mesmo! Tenho certeza! #VideoShowAoVivo,neutro
1005,MALUMA É UM TUDINHO DE HOMEM QE PQP ❤ #TheNoite,positivo
1006,Vergonha alheia desse gordo que tá se achando o macho alfa! NOJO #Encontro,negativo
1007,Hoje a Miriam sai? Sim ou com certeza? #MasterChefBR,neutro
1008,Guilherme Arantes é o maior! #Encontro,positivo
1009,"Tão triste ter que assistir #masterchefbr só na quarta :(, não da nem pra acompanha a #",negativo
1010,A convidada de hoje é a Fátima Bernardes (@user). Acertei? #VideoShowAoVivo,neutro
1011,"Sardinha em lata é um ingrediente fantástico. Além de saborosa, é versátil. #MasterChefBR",positivo
1012,"""Um bebê de 14 anos"" HAHAHAHA #TheNoite",negativo
1013,Ganhei a noite com vcs cantando Se Olha no Espelho. #ConversaComBial  #MaiaraeMaraisaNoBial @user,neutro
1014,"Se fosse eu com essas sardinhas, ia fritar elas, deixar bem sequinha colocar um limão do lado, tá pronto meu prato #MasterChefBR",positivo
1015,Que ridículo #Encontro,negativo
1016,#VideoShowAoVivo faça um #MeuVideoÉUmShow parte II com a Claudia Raia pra vermos o restante da carreira que faltou.,neutro
1017,#Bial para todos e #Pedro para os íntimos!! Berrooooooo...... Morrroooooo... #Conversacombial,positivo
1018,Acho que o Vitor B que vai hj :/ #MasterChefBR,negativo
1019,Nossa véi!!  Olha a camisa e a gravata  do @user . #VideoShowAoVivo,neutro
1020,"@user se divertindo ao som do É O Tchan, uma fofa!  #VanessaDaMata #CaixinhaDeMúsicaDVDVanessaDaMata #AltasHoras",positivo
1021,Bem triste que o @user saiu do #MasterChefBR :(,negativo
1022,#MaisVoce EU QUERO MEU CABELO ASSSIMMMMMMM,neutro
1023,Ahhh como é bom ouvir @user falar... sempre confortante #conversacombial,positivo
1024,#MasterChefBR to com medo pelo meu amorzinho @user fica amore Tinha que sair essa nojenta da Miriam,negativo
1025,#VideoShowAoVivo a convidada do meu vídeo é um show é o mozão do @user @user,neutro
1026,"Uma família que se chama AMOR! Tô aqui emocionada de ver, que delicia, que alegria, uma felicidade imensa ❤️🙏🏻❤️ Deus abençoe  #encontro",positivo
1027,Partiu assistir a reprise do #MasterChefBR e sofrer com a saida do @user de novo. Pq sou dessas! Rever a cena q estraçalhou meu ❤ 😢💔,negativo
1028,Já estou com meu avental de comentar #MasterChefBR,neutro
1029,"A @user é a melhor pessoa, já era fã agora triplicou! #AltasHoras #NaturalOnde? #NuncaQuis #TbmNãoQuero #BarrigãoxBuraquinho hahaha",positivo
1030,"Jacquin falou que Belém é limitada pra sobremesa? MANO, esse cara não tem noção nenhuma do que ele falou!!! #masterchefbr",negativo
1031,toda vez que assisto Masterchef dá uma fome... #MasterChefBR,neutro
1032,Perdi de ver o #MasterChefBR por motivos de me abafei nas cobertas e esqueci da vida,positivo
1033,#MasterChefBR quanta espinha.... deus me livre....,negativo
1034,O menino é o Zaque do Love Store! #VideoShowAoVivo,neutro
1035,Maiara e Maraísa no #ConversaComBial vamos curtir um modao @user ?,positivo
1036,#MasterChefBR VAI VITOR B NÃO DECEPA PARTE DO DEDO HOJE!!!!,negativo
1037,"@user Eu teria medo de vazar meus nudes, claro. #Encontro",neutro
1038,O programa tá demais hoje. #DomingoLegal,positivo
1039,Memórias da querida @user no #MaisVoce me fazendo sentir saudades e chorar! @user,negativo
1040,Não foi essa semana mas na próxima a Mirian sai #MasterChefBR,neutro
1041,"#MaisVocê minha irmã calça 34 e compra sapato em qualquer loja,nunca teve dificuldade em encontrar essa numeracao",positivo
1042,"#MasterChefBR essa Mirian só quer fazer o que dá na telha, ô mlr chata",negativo
1043,Acho q o mr catra fumou alguma coisa antes de gravar a entrevista com o @user kkkkkkk #thenoite #danilogentili,neutro
1044,"#DuasCaras foi uma novela maravilhosa, merece reprise! Lembrando que neste ano a novela completa 10 anos. #vídeoshowaovivo",positivo
1045,Chegou visita: abre umas latas de ervilha!!! Meu Deus!! #MasterChefBR,negativo
1046,"As pessoas confundem SOTAQUE com falar errado, falar gíria etc... nada a ver... termos e expressões regionais é diferente! #VideoShowAoVivo",neutro
1047,Quero abraçar o @user e colokr num potinho😍 #MasterChefBR,positivo
1048,Miriam cai fora...fazer a coitadinha não pega..  #MasterChefBR,negativo
1049,#VídeoShowAoVivo Otaviano. Otaviano. Você não lembra de mlm você esqueceu de mim esqueceu sou eu maria Cristina,neutro
1050,"Olha essa mulher, tem 9 filhos (de 4 a 24 anos) super realizada. Seria meu sonho?! 😁💕 #Encontro",positivo
1051,Só de ver a sardinha em lata já tá me dando alergia! #alergica #enlatados #masterchefbr,negativo
1052,#MasterChefBR só de ver sardinha eu já tava eliminada,neutro
1053,#Encontro ACHO QUE EU AMEI MESMO DISTANTE! Que lindo Nando Reis...,positivo
1054,Hoje vou ver o #MasterChefBR pois ontem estava grudada no #powercoupleBrasil TRISTE pq já soube da eliminação do @user,negativo
1055,Acho que quem vai sair é Douglas no #MasterChefBR,neutro
1056,Sandy mt maravilhosa socorro #Encontro,positivo
1057,O agrião tá se sentindo sozinho nesse prato de moqueca #MasterChefBR,negativo
1058,"""Advogado de Lula"" ""Na Justiça"" ""Nando Reis"" ""The National"" ""Two Ghosts"" #Encontro Kiwi Zimbábue",neutro
1059,se esse thiago castanho olha assim pra mim eu fico até nervoso #MasterChefBR,positivo
1060,"O Vitor saiu eu não tô acreditando, eu tô bem triste #MasterChefBR",negativo
1061,#MasterChefBR amanhã no YouTube vou dar mil replay no comentário do Valter kkkk,neutro
1062,Maravilhosas @user no #ConversaComBial,positivo
1063,"Gosto do padre, mas cantar trem bala é demais #ConversaComBial",negativo
1064,Eu faria três pratos. Porque um seria meu com toda certeza.  #MasterChefBR,neutro
1065,E começooooooouuuu @user  #ConversaComBial #MaiaraeMaraisaNoBial,positivo
1066,"Fiz um brigadeiro para olhar #MasterChefBR mas não deu certo, hj é eu que saio",negativo
1067,Thais Araújo. Não gosta de abóbora! 💔  #MaisVoce,neutro
1068,FAMÍLIA BONITA A DO SERGINHO GROSNJNKDKJ #altashoras,positivo
1069,"#VideoShowAoVivo no memória foi dito que Carlos ficou casado 23 anos, com Eva, não seria 53 anos?",negativo
1070,"#Pablo diz em sua música: PORQUE HOMEM NÃO CHORA... Mentira, Chorei Com @user no final do #ConversaComBial #MaiaraeMaraisaNoBial.",neutro
1071,"A Sophia é muuuuito maravilhosa, acompanho desde RBR, amo muito #AltasHoras",positivo
1072,FILMES de baixa audiência ----&gt;&gt; ESCURIDÃO TOTAL  #AltasHoras É o Tchan Vanessa da Mata #ClaudiaLeitteNaSabrina #FabricaDeCasamentos Titanic,negativo
1073,Cadê @user ? Quando ela vai tá no #AltasHoras,neutro
1074,hoje #AltasHoras tá muito bommm 😍,positivo
1075,Pqp hein #MasterChefBR,negativo
1076,Vim só falar de #MasterChefBR mesmo!,neutro
1077,Nossaa Canta Mt 😱  #Domingolegal  #CDANoDomingoLegal,positivo
1078,"Esse negócio de não conseguir demonstrar sentimentos sou mt eu, não consigo falar eu te amo pros meus pais e eu odeio isso. #Encontro",negativo
1079,#VideoShowAoVivo a versão em português é cantada por Robson Anjo.,neutro
1080,"otimo #ConversacomBial hj, um dos melhores so far.",positivo
1081,Como assim o Vitor B saiu?! Ontem não aguentei e dormi 😢 #MasterChefBR,negativo
1082,#MaisVocê alguém sabe se chef Erick tem tt?,neutro
1083,Maluma de óculos estilo nerd consegue ficar mais gostoso #TheNoite,positivo
1084,Tudo embolorada as sardinha do Jacquin #MasterChefBR,negativo
1085,Pessoal falando q a Namaria foi corajosa...corajoso foi esse menino q fez manobras de bike com Namaria. Do jeito q ela é zicada... #MaisVoce,neutro
1086,Sigo e indico  #Encontro #SextaDetremuraSDV,positivo
1087,Não gosto da Douglas #MasterChefBR,negativo
1088,A Band está planejando para o próximo ano uma versão do #MasterChefBR com famosos,neutro
1089,Essa entrevista com o Drauzio tem um teor de verdade tão grande que eu nem acredito que isso tá passando na Tv aberta... #ConversaComBial,positivo
1090,Victor B foi eliminado meu Deus crush volta aqui por favor #MasterChefBR,negativo
1091,@user lindo demais #VideoShowAoVivo,neutro
1092,#Encontro Demais esse libanês violinista!,positivo
1093,Quem mentiu pra esse Marco Luque que ele é engraçado? Só o Serginho ri. Mais sem graça que dançar com irmão em festa. #AltasHoras,negativo
1094,Rolam boatos que Maraísa é do babado #ConversaComBial,neutro
1095,"Amando o assunto da conversa, Dráuzio divo #ConversaComBial",positivo
1096,Hoje é dia de #MasterChefBR = ja ter jantando mas na hora do programa você comer até ficar triste,negativo
1097,"#DomingoLegal ah, esqueci fora Themer. Como diz Carlinho Maia, ta na moda kkkkkk",neutro
1098,vanessa da mata AMOOOOOOOOOOOOOOOO #altashoras,positivo
1099,REPETIDO CARAI #MasterChefBR,negativo
1100,"#VídeoShowAoVivo A cena da Ivana ontem em A Força do Querer foi bem forte, vcs podiam reprisar hj né pf",neutro
1101,Obrigada por mostrar minha deusa Vivianne Pasmanter #VideoShowAoVivo,positivo
1102,Não creio que o Crush do #MasterChefBR saiu 😢😢😢 @user vamos torcer por uma repescagem 🙏,negativo
1103,#altashoras assistindo,neutro
1104,ESSA MULHER É GUERREIRA TEVE 9 FILHOS #ENCONTRO,positivo
1105,#MasterChefBR Essa broaca da Mirian vai ficar por causo do teatrinho clichê dela,negativo
1106,O homem participa com um espirro. @user sobre fecundação #AltasHoras,neutro
1107,#MasterChefBR nem começou e já vou torcer pra #EquipeAzul por motivos de Mirian que tá na equipe vermelha!,positivo
1108,ESSA É A PROVA QUE EU TÔ MAIS NERVOUSA DA HISTÓRIA DAS PROVAS NERVOSA #MasterChefBR,negativo
1109,#MasterChefBR se eu pudesse provar os pratos,neutro
1110,Coisa mais linda essa edição com a mãe do @user !!!!! 😍😍😍😍💗💗💗💗#altashoras,positivo
1111,Será que não tem nenhuma assessoria pra ver quais são nossas expressões e como utilizamos de verdade?!!! E o sotaque!!! Pqp #VideoShowAoVivo,negativo
1112,Paola tão baixinha e ela tava descalça #MasterChefBr,neutro
1113,vendo #thenoite somente pelo malumaaa,positivo
1114,#Encontro Quem é simone e simara perto das Irmãs Galvao nos anoa 70 kkkkkk,negativo
1115,#thenoite @user cara só agora identifiquei o @user,neutro
1116,Há alguns meses tentei me inscrever numa capelania prisional. O #ConversaComBial de hoje com o @user só aumentou minha vontade.,positivo
1117,#MasterChefBR essa Mirian e esse leonardo tem que sair pra ontem já,negativo
1118,#MasterChefBR Fica #FicaYuko,neutro
1119,"Assistindo Masterchef só por causa da Ana Luiza, tem as melhores frases, além de parecer a Cassie❤.. #MasterChefBR",positivo
1120,Silvia ganhou! Cenão épico de Duas Caras! #videoshowaovivo,negativo
1121,Lembrando que o Mr° Catra é judeu e Sociólogo!  #TheNoite,neutro
1122,Quero ver você seu lindo aqui amanhã @user #videoshowaovivo,positivo
1123,será que existe simpatia pra tirar nota boa na escola? se tiver me passa pq to precisando #VideoShowAoVivo,negativo
1124,Batuque na cozinha a sinhá não quer 🎶🎶 #conversacombial,neutro
1125,Celso na casinha de bonecas 😍 #CarinhaDeAnjo #DomingoLegal #SBT,positivo
1126,Como que esse povo faz doce e é magro! Dá pra entender???? 🤣🤣🤣#Encontro,negativo
1127,"#MaisVoce não se desconta FGTS só recolhe, o que desconta é INSS!",neutro
1128,"Emocionadíssima com a homenagem do @user  a Nelson Xavier. Que ator, gente! Que ator! #RIPNelsonXavier  #VideoShowAoVivo 😥😥😥",positivo
1129,"Quando ia passar roupa branca era a pior parte,  a cinzas caia na roupa e ficava manchada #MaisVoce",negativo
1130,Beatriz parece com Fátima o sorriso é igual .Laura é a cara do Bonner #Encontro,neutro
1131,vitor foi bem agr pra ficar melhor só com a saida da mirian #masterchefbr,positivo
1132,"O genocida Stalin disse uma vez que se não deixavam os inimigos terem ideias, por que deixariam ter armas? Hitler desarmou também #TheNoite",negativo
1133,Queria me comunicar com essa capitão Vitor rs  #MasterChefBR,neutro
1134,"Ai, Ana Luiza é linda né gente? &lt;3 #MasterChefBR",positivo
1135,"#conversacombial esse moço ta confundindo ansiedade pontual com a doença ansiedade. A doença ansiedade é HORRÍVEL, moço. N é pré show legal",negativo
1136,Começou #MasterChefBR,neutro
1137,"#MaisVoce sou muito fã do Dan, nossa que delícia essa entrevista, adorei ele no filme ""tempos de paz"" @user é um ser humano lindo!",positivo
1138,"PQP, não pode ficar entre Vitor B e Yuko. TEM QUE SAIR OUTRA PESSOAAAA... qualquer um!!!! #MasterChefBR",negativo
1139,#Encontro tema ótimo. Já  vi apresentadora de TV  dizer q depois de certa idade não se deve usar roupa de cocótinha,neutro
1140,Alguem sabe o #ig do #cozinheiro gato do #ÉdeCasa????,positivo
1141,Seria @user o sansão do #MasterChefBR ? Cortou o cabelo e foi eliminado 😐,negativo
1142,Nem sei quem eu quero que saia pois a única pessoa que eu não gosto é o Leonardo e ele tá no mezanino! #MasterChefBR,neutro
1143,#VideoShowAoVivo melhor programa da tarde!!,positivo
1144,"#masterchefbr mas sério, o Fabrizio fez um prato muito bosta, talvez tenha ficado gostoso, mas passou uma impressão péssima",negativo
1145,"Dan Stulbach no #MaisVoce: vídeos da Ísis Valverde dizendo que o admira, e do Fiuk ""agradecendo a admiração""...",neutro
1146,"Ana maria manda pra mim,ou me convida ora ir no Programa que eu como o nhoque de abóbora #Maisvocê",positivo
1147,CALADOOOOOOOOOOOOO #Encontro,negativo
1148,maira é a que mais fala e é da bagaceira da dupla podemos ver claramente #ConversaComBial,neutro
1149,#VideoShowAoVivo Que cor de batom perfeita é essa?!  Amei!!!,positivo
1150,"Disseram que todos deveriam ser ansiosos. Pelo amor de Deus, gente! Ansiedade não é brincadeira não. #ConversaComBial",negativo
1151,#masterchefbr a pergunta é : QUEM VAI FICAR COM A MIRIAM ???,neutro
1152,Terminei de assistir o episódio agora e a produção do #MasterChefBR tá óh: de parabéns! 🙌🏻,positivo
1153,"A mulher faz um monte de filhos e próprios que cuidam um dos outros. Aí é mole, né miga? #Encontro",negativo
1154,como seria uma galinhada desconstruída?? #MasterChefBR,neutro
1155,Aline Moraes mais linda ainda #AltasHoras,positivo
1156,"#VideoShowAoVivo Parece que não vai começar hoje porque temer tá  bombando , Jesus nos acuda .",negativo
1157,"Hoje, no #Encontro eu percebi que não sou o único que curte uns @user ! (e que o elenco da @user não sabe dançar...)",neutro
1158,Ta começandooooooooo #MasterChefBR,positivo
1159,É difícil acreditar que em pleno século XIX ainda existem pessoas que acreditam que homem de vdd não ajudam em casa #Encontro,negativo
1160,"Vou assistir #TheNoite e dormir, fui 💜",neutro
1161,"Mas, a gente lida com isso todos dias, cada pequena vitória é uma celebração #ConversaComBial",positivo
1162,"todo programa a Ana Paula fala ""hoje mais do que nunca"" #MasterChefBR",negativo
1163,"E ae Victor B, vamo fechar? #MasterChefBR",neutro
1164,o Vitor B. é o unico crush que eu tenho que não é asiático #MASTERCHEFBR vote @user for the #BTSBBMAs top social artist award,positivo
1165,Puta que pariu eu vou infartar #MasterChefBR,negativo
1166,Hoje vou me sentir um lutador no #MasterChefBR ...Só me sentir por que o porte físico mesmo...,neutro
1167,"Porém, meu crush segue sendo o Fabrizio. Homão da porra!!! #MasterChefBR",positivo
1168,"O #VideoShowAoVivo depois da @user , está precisando se reinventar viu? Tá chato demais!",negativo
1169,"@user , só pode ser o Nicolas Prattes.   #VideoShowAoVivo",neutro
1170,"Sou apaixonado pela @user mulher de postura, e um sorriso encantador #MasterChefBR Um dia ainda vou ao #Arturito",positivo
1171,Pelo amor de Deus gente #MasterChefBR,negativo
1172,"Acho que ficar falando ""eu te amo"" a qualquer momento é como usar uma roupa de gala para coisas triviais. Tira o significado. #Encontro",neutro
1173,Rita Lee maravilhosa sempre!! 💖 #VideoShowAoVivo,positivo
1174,"Eu como apresentadora de TV procuraria saber se o convidado tem alguma restrição alimentar antes d escolher a receita né, Namaria. #maisvoce",negativo
1175,Bora povo de casa todo mundo na #Quemsai pq a tia Ana Paula pediu 😂 #MasterChefBR,neutro
1176,#QuartaDetremuraSDV #MasterChefBR  O melhor progama culinário do Brasil e do mundo 💖💖💖,positivo
1177,"Uma saudade chamada: Danilo de camisa cor de vinho/rosa, mangas dobradas e colete preto #TheNoite",negativo
1178,"O crime organizado: Nada funciona sem ordem, sem disciplina, sem autorização. Funciona, né? #ConversaComBial",neutro
1179,@user Já estou aqui te vendo no #ConversacomBial e adorando mas a minha sonolência amanhã é certa!! 😂😂😂,positivo
1180,"Grande perda para as artes brasileiras, Nelson Xavier! Descanse em paz! #VideoShowAoVivo",negativo
1181,Como que os figurantes da praça conseguem ficar tanto tempo fingindo que estão conversando?! 🤔😂😂😂😂 #TheNoite,neutro
1182,Melhor começo de programa disparado Hahahahaha 😂😂😂😂 #ConversaComBial,positivo
1183,#VideoShowAoVivo prefiro Julia no vetido de noiva vermelho,negativo
1184,câmbio negro  #Encontro,neutro
1185,#VideoShowAoVivo que saudade eterna do vando arrepia ate a alma,positivo
1186,17 filhos. Socorro! #AltasHoras,negativo
1187,"#VideoShowAoVivo é o @user , tenho certeza!!!",neutro
1188,Vai Vitor fidapest #masterchefbr,positivo
1189,Elas tão beeem perdidas nos gêneros musicais heim #ConversaComBial,negativo
1190,"Gosto mais do #timeazul, porém o menu do #timevermelho foi mais atrativo pra mim #MasterChefBR",neutro
1191,#ConversaComBial hoje está bem interessante 👌🏻👌🏻👌🏻,positivo
1192,#MasterChefBR espero que o programa não se perca... Não pode excluir o menino por causa de acidente de trabalho...Ele tem que continuar,negativo
1193,hoje é dia de mta emocao... #TheNoite  @user @user,neutro
1194,A sabedoria do Padre Fábio é anormal. Todo mundo deveria ter a honra de ouvi-lo ou lê-lo pelo menos uma vez na vida 🙏😍 #ConversaComBial,positivo
1195,CADÊ AQUARELAAAAAA #DomingoLegal,negativo
1196,QUERO VER O JIN NA PROXIMA TEMPORADA DE #MasterChefBR BULTAOREUNE #BTSBBMAS,neutro
1197,Ai que música linda❤ #Encontro,positivo
1198,Muita injustiça isso com o Vitor #masterchefbr,negativo
1199,"Sexta (12), os infantis e Talk Show do SBT marcaram:  #MundoDisney 3.6 #BomDiaECia 6.4 #ClubeDoChaves 6.9 #TheNoite @user 3.3",neutro
1200,Ai que lindas @user #ConversaComBial 💕,positivo
1201,tô precisando de um banho desses pra ver se eu paro de ser trouxa pelo crush #VideoShowAoVivo,negativo
1202,"Douglas saiu, falta a Mirian agora #MasterChefBR",neutro
1203,"Oooh Maiara e Maraisa, sabe o que vocês têm? Cês tem sorte que eu amo o cês! @user no #ConversaComBial ❤️",positivo
1204,"No programa #encontro desta quinta, falaremos sobre preconceito e racismo e convidamos uma atriz branca. Representatividade, NÃO.",negativo
1205,E a maioria dos cenários de talk shows tem foto de cidade no fundo 🌃 🌃 #ConversaComBial,neutro
1206,"#videoshowaovivo pô tô muito feliz hoje, vídeo show passando ao vivo aqui em Rio Branco ""Acre "" e podendo interagir com vcs Joca e  Ota, amo",positivo
1207,"Douglas melhor pessoa dps da yuko,não podia ter saído #MasterchefBR 😭😪😓",negativo
1208,#FicaVictorB tu não vá estragar essas sardinhas geniais #MasterChefBR,neutro
1209,"Vanessa Da Mata que ícone!!!! Rainha! #AltasHoras Ai, Ai, Ai",positivo
1210,meu deus a maiara não deixa a maraisa falar #ConversaComBial,negativo
1211,Consolidados - GLOBO (16/05):  #BDSP 11.0 #BomDiaBrasil 11.4 #MaisVocê 8.3 #BemEstar 7.2 #Encontro 8.3 #SP1 12.8 #GloboEsporte 11.7,neutro
1212,Vendo a @user no #EDeCasa orgulho da Bianca,positivo
1213,"""precisamos de uma musica que homens não tenham vergonha de ouvir"" PRECISAMOS É DE HOMENS MELHOR! #ConversaComBial",negativo
1214,"Sexo, sangue, violência. Não é Game of Thrones, é  #MasterChefBR",neutro
1215,#VideoShowAoVivo  Parabéns Otaviano... Deus te abençoe grandemente... tudo de bom...😘😘,positivo
1216,O cara se enrolou não sei quanto tempo numa sardinha #MasterChefBR,negativo
1217,"#Encontro.  Eu, há muito faço permanente nos meus cabelos para que eles fiquem pixaim. Só há 6 anos não faço, depois do AVC.",neutro
1218,#MaisVocê.  Que mulher linda! @user  é um encanto! Tão bom vê-la ! Bom diaa!!!,positivo
1219,@user é um canastrão  #VideoShowAoVivo,negativo
1220,"A menina é fã do Justin Bieber, assistiu o filme dele e ""se inspirou""...eu sou fã do @user ... #TheNoite",neutro
1221,"#VideoShowAoVivo @user  Diva, Linda ... Que mulher completa 😍❤  Tomou de conta da novela",positivo
1222,EU ACREDITO NÃO GENTE PFVR É ZICADO ISSO #MasterChefBR,negativo
1223,"vai lá, fogaça #APrévia #MasterChefBR",neutro
1224,Deu vontade de comer esse macarrão feito com abobrinha 😎👏 #MaisVocê,positivo
1225,toda a terça eu perco a prova do #MasterChefBR por causa do inglês só pego a de eliminação affff,negativo
1226,Daqui a pouco no #TheNoite com @user tem #APraçaéNossa30anos,neutro
1227,Hoje tem Bene Barbosa do MVB no #TheNoite !!!! Imperdível!!!,positivo
1228,Que batata verde é essa??? #MasterChefBR,negativo
1229,tô só pelo #MasterChefBR hoje 🌚👩🏻‍🍳,neutro
1230,"O Padre Fabio de Melo me passa uma paz, deve ser a voz dele. Bial acertou em cheio no convidado de hoje! #ConversaComBial",positivo
1231,"O Padre Fabio de Melo desperta a luxuria nas mulheres e nas gays,, e Luxuria é pecado #ConversaComBial",negativo
1232,Na cama em TAQUARITINGA-SP #altashoras,neutro
1233,Ja era apaixonadinha no maluma na epoca  do dvd do Lucas #TheNoite,positivo
1234,Só mesmo os maquiadores da globo pra fazer a gatissima da Viviané Pasmanter ficar feia. Parabéns  #VideoShowAoVivo,negativo
1235,FGTS é obrigação que a empresa recolhe. O que se desconta é o INSS. #MaisVoce,neutro
1236,ʺNADESSA ATÉ O FIMʺ ʺRodrigo Caioʺ ʺZeca Pagodinhoʺ #KissingStrangersVIDEO #TBTNoEIGames #TheNoite Edmundo Tandara Volero,positivo
1237,"Que diabos é ""proteína de alto valor biológico""? Tucanaram a carne de primeira? #MasterChefBR",negativo
1238,Ai meu Coração!!!!  #MasterChefBR,neutro
1239,Emocionado com a história do Willian @user #Encontro,positivo
1240,MIRIAN E LEONARDO: DESPREZÍVEIS. FIM #MasterChefBR,negativo
1241,#MaisVocê Ana Maria o FGTS não é Descontado do salário.  Só é informado.  Descontado e repassado é o valor do INSS.,neutro
1242,"Bial é maravilhoso, não adianta...  #ConversaComBial",positivo
1243,Fico vendo essas pessoas que viajaram por vários países enquanto eu quero viajar mas não tenho nem 1 real #Encontro,negativo
1244,"Se tem medo de vazar seus nudes, não façam nudes. Simples assim. #Encontro",neutro
1245,"@user Não vejo #MasterChefBR por motivos de sono, mas ver seus comentários no Twitter é genial. ""Gordinho barbudo no mezanino""",positivo
1246,Não acredito q a equipe vermelha ganhou #MasterChefBR,negativo
1247,Ana Maria será um obstáculo. Será que vem mais um meme aí? #MaisVoce,neutro
1248,Acertei!! Amei #VideoShowAoVivo,positivo
1249,ai caralho!!! que nervoso !!! ja entrou pra história do #masterchefbr,negativo
1250,"@user @user Deu pra perceber pelo teu pescoço! Mas só vc emagreceu né kkkkkkk... o resto, 🐳 #MasterChefBR",neutro
1251,Looks maravilhosos no #VideoShowAoVivo,positivo
1252,#thenoite A familia do Jair Rodrigues não aparece muito na TV. O 'Jairzinho' então sumiu a tempos,negativo
1253,Galinhada desconstruída = frango desfiado com arroz #MasterChefBR,neutro
1254,Quero encontrar a Laís Souza. Tenho uma admiração toda especial por ela. #AltasHoras,positivo
1255,Douglas não pode sair hoje 🙏 #MasterChefBR,negativo
1256,Vitor B. estragou a sardinha plano A dele na hora de montar. #MasterChefBR,neutro
1257,finalmente uma receita diferente de sardinha pq aqui só da sardinha tipo 2/3 do ano num aguento muito #MasterChefBR,positivo
1258,Perdi #MasterChefBR ontem :'c,negativo
1259,#Encontro  Claudia gimenes está a cara da.Dilma,neutro
1260,"Crl o mestre mandou e o melhor , #TheNoite",positivo
1261,Cada porrada no Bob azul eu passo mal  #MasterChefBR,negativo
1262,Mas só a @user pra completar os desafios do Mestre Mandou!! #TheNoite,neutro
1263,Ansiosa daqui a pouco @user  no #VideoShowAoVivo vamos lá ver nossa princess brilhar @user,positivo
1264,Taís Araújo não comeu abóbora mas escutou muita abobrinha no #MaisVocê,negativo
1265,Vamos ver se hoje repete a regra: TODA sertaneja que vai no #TheNoite quer dar pro Danilo,neutro
1266,Eu amo a Yuko!!!!!!!!  #MasterChefBR,positivo
1267,MIIIRIAN FALÇAAAAAA #MASTERCHEFBR,negativo
1268,Audiência de 16 de Maio - SP  Mister Brau 20.7 #PowerCoupleBrasil 7.6 Totalmente Sem Rumo 2: Defensores da Natureza 6.8 #MasterChefBr 6.3,neutro
1269,se não for pra casar duas vezes que nem o Nando Reis eu nem quero #Encontro,positivo
1270,#AltasHoras em casa em pleno sábado,negativo
1271,Tomara que não estraguem os baby beef #MasterChefBR,neutro
1272,Eu acho que a Sophia devia ficar pra sempre no #VideoShowAoVivo,positivo
1273,Nao creio que o Vitor B. Saiu #MasterChefBR,negativo
1274,"Se puder vou fazer meu próximo níver, só sobre unicórnio kkkkk 😂 🦄 #MaisVoce",neutro
1275,"Amoooo ""Adultos com voz de criança"" deveria passar todos os dias @user @user @user @user ❤  #TheNoite",positivo
1276,#masterchefbr ai que nervosuuu,negativo
1277,Brasil tem potencial pra tudo porque tem uma grande variadade de produtos exoticos e unicos #MasterChefBR,neutro
1278,Daqui a pouco tem Marcos &amp; Belutti no #encontro 🤗😍,positivo
1279,vitor b. cagou no pau ne #MasterChefBR,negativo
1280,Será que o Léo ganha sua primeira prova em grupo? #MasterChefBR,neutro
1281,Assuntos do Momento #LulaEuConfio Lula depõe hoje ao juiz Sérgio Moro #MasterChefBR Episódio teve muitas reviravoltas e discurso emocionante,positivo
1282,Já com fome pra assistir o #MasterChefBR,negativo
1283,Vaidoso e muito  rs #ConversaComBial,neutro
1284,"Tudo de Unicórnio, que lindoooo 🌈🌈 #MaisVocê",positivo
1285,"A Vanessa da Mata está estranhamente envelhecida, e não falo do seu rosto, mas do seu gestual, postura. Parece uma senhora de 60 #altashoras",negativo
1286,Aqui em Belém falamos chopp.  #VideoShowAoVivo,neutro
1287,#VideoShowAoVivo como sempre muito bom,positivo
1288,@user eu amo você como apresentadora mas não consigo achar interessante o @user #Encontro Sucesso pra você!,negativo
1289,"O cara é MUITO picaaaaaa, deixa ele falar!!!! #Encontro",neutro
1290,#MasterChefBR o bom disso é que cada nego vira chefe,positivo
1291,#EDeCasa minha esposa está de jejum no consultório e está enlouquecendo vendo essa receita...,negativo
1292,Que que se fez? Sardinha ue #MasterChefBR,neutro
1293,@user Você é DEZ!!  #VideoShowAoVivo 📺,positivo
1294,"Qnd dividem os times no pgm fico aflita, com dó dos últimos. Parece eu na turma qnd tem trabalho em grupo e ninguém escolhe! #MasterChefBR",negativo
1295,AAAAAAAAA VOZ O ROSTINHO   #DomingoLegal,neutro
1296,"meu vitor b ficou entre os melhores, to bem feliz sim #MasterChefBR",positivo
1297,Gente to soluçando de chorar vendo #Encontro,negativo
1298,"Mais importante é assistir o vídeo ""Chamaram-me Negra""!  #Encontro",neutro
1299,"Owwww homem lindo, iluminado e  inteligente esse Padre Fábio de Melo.  #ConversacomBial",positivo
1300,"Muito estranho esse #Encontro O tema de hoje é ""pessoas que não demonstram o que sentem""  Mas gente, devia se chamar Divã...",negativo
1301,Kkkkkkkkkkkkkkk que música é essa #TheNoite,neutro
1302,Assistindo #MasterChefBR &lt;3 amo demais,positivo
1303,Eu não aguento histórias de adoção 😭 #encontro,negativo
1304,Eu quero os comentários do @user sobre a eliminação do #MasterChefBR de hoje na minha mesa até as 3h,neutro
1305,Gente a Fátima é tão maravilhosa que eu tenho vontade de Guardar num potinho só pra mim. #VideoShowAoVivo,positivo
1306,Lembro que fiquei chocado qndo a Hebe morreu #MaisVoce,negativo
1307,@user metade do Senado deveria ruir pra podermos pensar em boas opções para novas eleições! Que a justiça seja feita #encontro,neutro
1308,Que fofura é o Thomas 💙 #AltasHoras,positivo
1309,#VideoShowAoVivo tá parado por aqui ein!? Kk,negativo
1310,No tempo desse ferro as roupas eram de algodão @user #MaisVoce,neutro
1311,aAaAAaAAAAaaa ESSE MOMENTO É  MEU #ConversaComBial,positivo
1312,SOS Eles são MUITO ruins #altashoras,negativo
1313,Chorando até amanhã com: Quem sabe dança  Quem não sabe ... 😂😂😂#TheNoite,neutro
1314,"Babo demais nos vestidos da Cissa Guimarães, usaria todos  #EDeCasa",positivo
1315,17 filhos. Trepadeira. #altashoras,negativo
1316,Até o Joca esta falando do vestido da Sophia #VideoShowAoVivo,neutro
1317,ow o Padre Fábio de Melo fala bem demais né? to curtindo a entrevista #ConversaComBial,positivo
1318,"#VideoShowAoVivo, to tao emocionado que não paro de chorar kkkkkkkkkkkkk",negativo
1319,Cara ri muito da cara da Aderlize  #MasterChefBR,neutro
1320,Um exemplo para todos nós! #Encontro,positivo
1321,Não faz intervalooooooo PasmanterEPivaNoMaisVoce #MaisVoce,negativo
1322,#VivianePasmanter é #Germana em #MundoNovo!? 😱 Impressionante a caracterização! Chocado!!! #VideoShowAoVivo,neutro
1323,#MasterChefBR Douglas saiu tombando msm. O rei desse programa sem mais,positivo
1324,2 da manhã com essas histórias de terror tá difícil 😬😬 #TheNoite,negativo
1325,Ana Paula padrão vai pedir desligamento da Band depois de tanto recolocar o lenço nos bonecos #MasterChefBR,neutro
1326,Que delícia minha Fatinha no  #VideoShowAoVivo,positivo
1327,Se eles falarem de SOA eu vo morre #TheNoite,negativo
1328,@user de salsicha CUT no castigo do mestre mandou no @user  k k k #TheNoite #MestreMandou,neutro
1329,"O  padre Fábio de Melo é cantor, padre e bonito pra caramba. Que homão da porra.   #Conversacombial",positivo
1330,"Chefes, vcs me assustaram  #MasterChefBR",negativo
1331,escutando Raridade e impossivel ñ lembrar da filha do @user  #MasterChefBR #QuintaDetremuraSDV #PorIstoUmaForçaMeLevaaCozinhar,neutro
1332,Mariah sempre linda também.  Era um dos meus blogs preferidos!#VideoShowAoVivo,positivo
1333,Quem nunca comeu farofa de miúdos não sabe o que é bom na vida! Esses participantes do #MasterChefBR só devem comer magret de pato msm!,negativo
1334,Olha estamos aqui so pra saber se Vitor B continua #MasterChefBR,neutro
1335,#TheNoite com @user está sensacional.,positivo
1336,#VideoShowAoVivo Cissa narrando kkk igual nota de falecimento nos carros funerários kkkkkkkkk,negativo
1337,que pacto é esse que #MasterChefBR fez pra ta nos trends até agora? O pacto foi maior que o do temer,neutro
1338,#encontro 70 anos só de carreira. É muito talento. É muita história 😍😍😍😍😍😍😍😍😍😍😍😍,positivo
1339,"Cantores, pf não mudem o ritmo das músicas...🎤🎶 #altashoras",negativo
1340,Aquele momento que toca Slipknot no Mais Você #MaisVoce.,neutro
1341,O que salvou esse pgm agora foi essa poesia do Braulio ❤️  #Encontro estou grata por essa homenagem linda! Por mais pessoas assim!,positivo
1342,Olha esses pratos do #masterchefbr. É pouca comida até pra quem está sem fome 😒. Imagina pra quem acabou de treinar?,negativo
1343,"oi, queria saber por que existe tanta manifestação contraria a criminalização da homofobia e quem são os principais opositores? #encontro",neutro
1344,"#MasterChefBR #Equipeazul Gosto muito da Ana, ela vai indo, neutra, até a final.",positivo
1345,"#VideoShowAoVivo Desculpa, mas aqui no Pará nem o mais interiorano dos interioranos fala como essas pessoas de #AForcadoQuerer #Vergonha",negativo
1346,"@user @user #MaisVocê volta logo pra Espn, contigo era muito bacana",neutro
1347,"#TheNoite Adorei o tchau do Ultraje a Rigor no final do programa. Muito inteligente, vai virar tendência, repitam mais vezes. Kkkkk",positivo
1348,Acabar logo com o glamour #ConversaComBial,negativo
1349,"@user @user @user @user. Fique de olho, numa possivel repescagem, ou estude mais pro #MasterChefBR 2018.",neutro
1350,morei na carmo neto que tbm tem muita historia #conversacombial,positivo
1351,Só rindo desse programa #TheNoite 😂😂😂😂😂😂😂😂😂😂😂,negativo
1352,Aqui em PE o nosso sacolé se chama Dudu 😂 #VideoShowAoVivo,neutro
1353,essa Tiê é maravilhosa 💜💜💜  #Encontro #FátimaBernardes!,positivo
1354,"#MasterChefBR é uma falta de absurdo essa Miriam ter ficado... Sem técnica, sem criatividade e comida feia",negativo
1355,Ih vai ter uma entrevista com os atores de ALIEN COVENANT no @user #TheNoite !!!,neutro
1356,#MasterChefBR adoro a Yuko mas se ela orecisar sair ora @user  ficar QUE SAIA,positivo
1357,"""A sociedade está doente."" #Encontro",negativo
1358,#VideoShowAoVivo o Antônio Fagundes tinha a cara de Pablo Escobar kkkkkkkkk,neutro
1359,@user tá tão bonita com esse azulão 💙 #MaisVoce,positivo
1360,Que dó do Victor gente 💔 gosto do bixinho.. #MasterchefBR,negativo
1361,#TheNoite tá no ar,neutro
1362,Bene  Barbosa  dando uma aula sobre o desarmamento! #TheNoite,positivo
1363,Estava assistindo #MasterChefBR agr no yt e gente..a da Mirian tava ridicula parecia comida dos meus priminhos td misturado devia ter saido,negativo
1364,"Hoje tem TRETA, mores. #MasterChefBR",neutro
1365,Esse é o melhor quadro do #TheNoite,positivo
1366,"O japonês não vai gostar disso, Guilherme Arantes 😀 #Encontro",negativo
1367,#VideoShowAoVivo  só acho q a @user é dançarina de funk profissional é fica enganando nós,neutro
1368,"Skank no #VideoShowAoVivo melhor banda do mundo! E o melhor, na ativa ainda 😍",positivo
1369,Engraçado ne mirian você ai quase saindo e o fabrizio la em cima no mezanino kjjjjjj #MasterChefBR,negativo
1370,#VideoShowAoVivo Fiquei na dúvida se é vestido ou camisa do joca?,neutro
1371,Irmãs Galvão são maaaaraaaaaa 😍😍 #encontro,positivo
1372,#thenoite tem q ser mto idiota pra achar que um pais igual o brasil ta preparado pra ter arma liberada,negativo
1373,eu acho yuko muito ousada pq olha.. ela mete tempero sem dó #MasterChefBR,neutro
1374,"#VideoShowAoVivo Cibele arrasar lindona,vídeo show o melhor",positivo
1375,Vou fazer greve geral se eliminarem o @user  e não a Miriam #MasterChefBr,negativo
1376,Uns 3 meses atrás comecei chorar na rua por ver uma moça gritando desesperadamente. Seria eu #hipersensivel ??? #ConversaComBial,neutro
1377,A Sofia é linda DMS! #Thenoite,positivo
1378,To muito triste com a saída do @user do #MasterChefBR :(,negativo
1379,Vemos que semana que vem além de saber culinária também vão ter que saber química e física. #MasterChefBR,neutro
1380,crtz que a Débora nem sabe oq tá fazendo mas crtz que vai sair mo bom #MasterChefBR,positivo
1381,ainda tô bem triste com aqueles cachorros que tem mais utilidades que eu #VideoShowAoVivo,negativo
1382,o óculos que ela chegou pra gravar era o que passou com a Lili BERREI #VideoShowAoVivo,neutro
1383,Nossa rainha  no #Encontro  tão plena Tao linda luinha arrasa,positivo
1384,Ciúme #MisterCatra e #OTrajeARigor.... #RockNaVeia embrazandoooooooo #TheNoite @user,negativo
1385,Eu com uma lata de sardinha só sei fazer macarrão mesmo. Me julguem. #MasterChefBR,neutro
1386,#MaisVoce EITA MUITO BOM DIA,positivo
1387,Leonardo sendo prepotente e arrogante #MasterChefBR,negativo
1388,"#TheNoite #TheNoite  a população com arma na mão, inibirar o ladrão.",neutro
1389,TIÊ TÁ LINDA  #encontro,positivo
1390,Mírian seu maior erro ... Soberba... #MasterChef #MasterChefBR,negativo
1391,a Polícia Militar do Brasil inteiro estava acabando com o programa #encontro há alguns dias atrás agr tá lá dando depoimento kkkkkkkj,neutro
1392,Que repórter é esse do programa da Fátima? Crush certo #Encontro,positivo
1393,Não quero que Victor e Fabrizio saiam #MasterchefBr,negativo
1394,"a equipe azul tá perdida ,por favor gente não me decepcionem ,ganhem do vermelho  #MasterChefBR",neutro
1395,#MasterChefBR esse trio que sempre tem minha torcida ❤❤❤ @user @user @user,positivo
1396,Não sei nas gravações falaram mas eles poderiam ter acalmado os participantes na hora do acidente #MasterChefBr,negativo
1397,Esse Victor hoje cozinhou em homenagem ao Lula ( só com 9 dedos) #MasterChefBR,neutro
1398,"#conversacombial,muito bom!!",positivo
1399,"Gostei mais do look da Mariah, mas acho q ficaria melhor sem o casaco  #VideoShowAoVivo",negativo
1400,"O Rodrigo Santoro deixou o Brasil mas o Brasil Ñ deixa ele,, #ConversacomBial",neutro
1401,@user tá dando show de cristianismo! #ConversaComBial,positivo
1402,"#MasterChefBR parei, não assisto mais",negativo
1403,@user  e @user   Já foram eliminadas é isso mesmo produção?! @user  via @user  #MasterChefBR,neutro
1404,Essa plateia é das minhas 😂😂😂😂 #DomingoLegal,positivo
1405,"Não importa o tema,  você não tem jeito pra esse programa Fátima Bernardes!  #Encontro",negativo
1406,Carlos Zara era meu conterrâneo e vizinho do meu avô. #VídeoShowAoVivo,neutro
1407,É o @user com sua risada no #TheNoite e o @user com sua risada no #ProgramaDoPorchat,positivo
1408,Que prato q ficou com apresentação feia esse do Vitor B 😲 #MasterChefBR,negativo
1409,"Zeca Pagodinho, agora no #ConversacomBial",neutro
1410,#VideoShowAoVivo Fátima lindaaa manda um oi pra mim😍,positivo
1411,sapão do masterchef vai rodar hoje #MasterChefBR,negativo
1412,Esse #MasterChefBR Tá cotado aaaaaaaaa,neutro
1413,"Sério, eu quero ser amiga do @user. Por favorzinho, vai?! #MasterChefBR",positivo
1414,Gostaram do episódio de ontem? Achei a Paola muito fraca! #MasterChefBR,negativo
1415,TAVA TOCANDO SLIPKNOT NO #MaisVoce GENTE DO CEU,neutro
1416,#VideoShowAoVivo   Melhor programa,positivo
1417,"O Vitor B vai sair hj, certeza #MasterChefBR",negativo
1418,Só torcendo pra azul pq qyer ver a Miriam na eliminação!!! Hahahha #MasterChefBR,neutro
1419,Gata @user: O @user  e  @user são os melhores comediantes. Me fazem morrer de rir. #altashoras,positivo
1420,"#MaisVoce esse spray não fica no cabelo, eu já comprei, sai muito rápido...🦄",negativo
1421,sim amigos PEDRO BIAL conhece as escritas da nossa @user 💙💙💙💙💙 #ConversaComBial,neutro
1422,Dr.Rey o Dr.estranho esse Leo Lins e d+ kkkkkkkkkkkkkkk #thenoite,positivo
1423,Eu nem to acompanhando o programa e chorei aqui com o Vitor #MasterChefBR,negativo
1424,Bial ta tentando fazer o padre confessar que gosta da vida pregressa hahaha #ConversaComBial,neutro
1425,"Esse Charlie Hunnam é Muito Lindooo, MDS #TheNoite",positivo
1426,"douglas, o típico jovem leite com pera #masterchefbr",negativo
1427,O Zé Modesto no #TheNoite,neutro
1428,Gente esse menino lindo com certeza é o @user lindo desde de criança #VideoShowAoVivo,positivo
1429,Filme br de terror?? #TheNoite,negativo
1430,Não vai rolar assistir #MasterChefBR hoje... por motivos de estarei dormindo se deus quiser,neutro
1431,EU TÔ MORTA COM ESSE CARA #ENCONTRO,positivo
1432,SAI MIRIAN VOLTA VITOR  #MasterChefBR,negativo
1433,@user se dando bem na sexta feira!! #selinho @user #encontro,neutro
1434,Yuko é tão fofa que fico toda bad quando vejo ela tomando comida de rabo #MasterChefBR,positivo
1435,Explica essa parada de colocar pedra na ração pro cachorro comer mais devagar #EDeCasa,negativo
1436,"semana passada a Yuko tava no pênis do boi, hoje ela tá nas bolas de carne. #MasterChefBR",neutro
1437,"Assisti esse episódio de #AsBrasileiras com Glória Pires sendo mãe de Ana e Antonia, muito legal! #VídeoShowAoVivo",positivo
1438,@user para de colocar outra pessoa nas entrevistas! O Augusto Cury tinha mt coisa p falar sozinho. Foi mt interrompido #ConversaComBial,negativo
1439,"Pasmanter!!! Pra mim, é o papel da vida dela. Maravilhosa!! #MaisVocê @user",neutro
1440,Ana Maria Braga é uma figura !!! Vestida de Unicórnio hahahaha #MaisVoce,positivo
1441,"Vitor B saiu do #MasterChefBR , mas permanece no meu coração Sai mirim, volta Vitor b",negativo
1442,É só no Brasil que tem essa misturança nas comidas?  #MaisVocê,neutro
1443,😻 Hoje @user no #ConversaComBial 💜,positivo
1444,chorei real com essa prova do Vitor sozinho #MasterChefBR,negativo
1445,É o Tchan (@user) #AltasHoras,neutro
1446,Gente o @user tá muito gato na verdade sempre foi mas hoje ele está de parabéns  #DomingoLegal,positivo
1447,Criança adulta são mto chatas.. Aff #encontro,negativo
1448,Um olho na Sardinha e outro na caixa da Perpétua #MasterChefBR #TietaNoVIVA,neutro
1449,@user é Maravilhosa!  Parabéns pela coragem!  #Maisvocê,positivo
1450,"Kkkkkkkkkkkkkkkkkkkk mano a vergonha alheia desse quadro, nunca faria. Puta merda #TheNoite",negativo
1451,Vitor recebendo só elogio pelo seu prato!!! Tchau Miriam! #MasterChefBR,neutro
1452,#VideoShowAoVivo Enlouqueci com essa nata do rock nacional!Quero mais!!!,positivo
1453,Não acredito que o azul vai se lascar #MasterChefBR,negativo
1454,Boa noite!! #AltasHoras 📺,neutro
1455,"Sustão da porra hein, @user  #TheNoite",positivo
1456,Pq carioca pronuncia 'naisci'? que erro horroroso! morei no Rj e nunca entendi isso #ConversaComBial,negativo
1457,"A igreja precisa de mais pensadores com espiritualidade do que sarcedotes hipócritas, alienados a realidade humana e cristã.#ConversaComBial",neutro
1458,Medo Bobo um hino atemporal #ConversaComBial,positivo
1459,Ela não superou o não da Taís Araújo kkk #MaisVoce,negativo
1460,iPhone do Zeca Pagodinho tocou e eu pensei que fosse o meu. Fui trollado pelo Zeca! HAHAHA  #ConversaComBial,neutro
1461,"Raul e Fogaça, os maiores hidratadões que você respeita #MasterChefBR",positivo
1462,Chorei real oficial #AltasHoras,negativo
1463,Quero ver a Fátima dançando com a Anitta no meu vídeo e um show ahhh #VideoShowAoVivo,neutro
1464,@user adoreeeei essa blusa 😂😍 #VideoShowAoVivo,positivo
1465,O prato do dia é com abóbora. A convidada é a Thais Araujo e ela não come abóbora... Que isso Ana? #MaisVoce,negativo
1466,#VideoShowAoVivo com a aguada da Sophia ninguem implica.😣😣,neutro
1467,@user Por isso que eu queria a @user no #EDeCasa. Ela é super natural e engraçada.,positivo
1468,não sei como esse fernando ainda tá aí #MasterChefBR,negativo
1469,minha semana sem ir pra escola se resumiu em assistir #encontro tô me sentindo muito dona de casa,neutro
1470,Victor V e Ana Luiza são os destaques positivos. #MasterChefBR,positivo
1471,#VídeoShowAoVivo achei  que hoje o vídeo show estaria como sempre bom MAS TA CHATO mesmo,negativo
1472,Hoje é dia de ver o #masterchefbr de ontem,neutro
1473,Promo das reportagens do jornal da globo no #AltasHoras,positivo
1474,"O Vitor B saiu, to triste, não to feliz #MasterChefBR",negativo
1475,Tô aqui vendo o #masterchefbr porém ligadinho no horário pro pronunciamento histórico,neutro
1476,Tô amando te assistir no #altashoras @user 😍😍😍,positivo
1477,#altashoras  Difícil se conter após a linda homenagem a mãe dele 😢 Chateado com vc por ter me feito desmoronar 😭😭,negativo
1478,#ConversaComBial com um assunto muito interessante e importante: ansiedade.,neutro
1479,Medo bobo ❤ #ConversaComBial,positivo
1480,gente quem passa calcinha? pfvr né não passo nem camisa  #MaisVoce,negativo
1481,"Não quero saber de prova, quero saber do Vitor!!! #MasterChefBR",neutro
1482,#EDECASA Cissa tremendo até 2030 segurando a cena no carão kkkk,positivo
1483,Eu fico só a Taís Araújo quando pedem pizza de brócolis #maisvoce,negativo
1484,Fabrizzio está mal humorado nesta prova de eliminação ou é impressão minha?! #MasterChefBR,neutro
1485,Que lindo esse poema para as mamãe. Chorei... #Encontro,positivo
1486,"Até que o #EDeCasa de hj tá dando pra engolir, né?",negativo
1487,Ai caralho #MasterChefBR,neutro
1488,#VideoShowAoVivo melhor programa da globo amo vocês,positivo
1489,Colocam um cara branco pra falar o que é ou não racismo na frente de 4 negros kkkkkkkkkkk pqp em globo #Encontro,negativo
1490,"#Encontro -TT Pago Reforma da Prev @PMDB_Nacional Contra 96%, 5.017 Votos) A favor 2%, 96 Votos) Nãotenhoconhecimento 1%,) Prefironãoopinar",neutro
1491,Tô apaixonada por essas orquídeas!!! #Encontro,positivo
1492,"#MasterChefBR me fode, 1 da manhã e eu ainda acordado assistindo hhhahhhaha",negativo
1493,""" Bem vindos a competição culinária mais importante do mundo, bem vindos ao #MasterChefBR "" 💙",neutro
1494,Leonardo nao disse que a miriam iria lacrar ? #MasterChefBR,positivo
1495,"A pessoa tem 13 anos e já conhece 25 países, eu o mais longe que fui Buenos Aires 😔😒 mundo injusto esse #Encontro",negativo
1496,É nicolas prattes . CERTEZA #VideoShowAoVivo,neutro
1497,""" Os Dias Eram Assim "" É Um Maior FLOP Da @user #VideoShowAoVivo",positivo
1498,esse pessoal metendo a mão na boca e mexendo de volta na comida AHAHAHHAHAHAHAHHA rindo de nervousor #MasterChefBr,negativo
1499,Consolidados - GLOBO (08/05):  #JornalHoje 11.2 #VídeoShowAoVivo 9.8 #SessãoDaTarde 12.7 #SenhoraDoDestino 16.7 #Malhação (estreia) 20.5,neutro
1500,Depois do intervalo: Sandy vai cantar com Chitãozinho e Xororó no Karaokê Virtual 🤗♥️ #encontro #SandyNoEncontro,positivo
1501,Agora lascou #MasterChefBR,negativo
1502,Vocês tem cara de quem já dançaram muito É o Tchan na adolescência #AltasHoras,neutro
1503,Tô aqui assistindo #MasterChefBR e sofrendo de tanta fome,positivo
1504,Eu aqui esperando #ConversaComBial e o programa ja acabou faz tempo 😂😂😂😂😂😂 foi triste. Aff até pra assistir programa chego atrasado 😂😂,negativo
1505,Gente coloca no #TheNoite kkkkkkjjjjjjjkkkkkkkkk,neutro
1506,to sem palavras pro vitor de vdd chorei assistindo #MasterChefBR,positivo
1507,estou com uma peninha do fabrizio 😩  #MasterChefBR,negativo
1508,#MasterChefBr tem água na sua cozinha?,neutro
1509,"Esse episódio foi sensacional , Ana Luisa mandando ver *_* #MasterChefBR",positivo
1510,#MasterChefBR A MIRIAM É UM FDP.,negativo
1511,@user Falando com a mona do #masterchefbr,neutro
1512,"Gui é um guerreiro, já enfrentou tantas nessa novela, e agora mais essa, sua ex que reaparece querendo causar! #RockStory #VídeoShowAoVivo",positivo
1513,Toda terça-feira é isso de eu ir assistir #MasterChefBR e ficar vendo Igreja da graça (nem sei se esse é o nome).,negativo
1514,Começou! #oRastro no #TheNoite com @user !!!!! #cinemanacional #terror #leandraleal #rafaelcardoso #alicewegmann,neutro
1515,@user Melhor pessoa km #MasterChefBR,positivo
1516,#MasterChefBR eu aqui com febre e sem vontade de comer e essa comida boa pra degustar,negativo
1517,#videoshowaovivo Queremos ver a rotina(bastidores) acompanhando a @user ! @user @user @user Não é gente?,neutro
1518,Vamos assistir #MasterChefBR,positivo
1519,@user AVENTAL AZUL EU TE ABOMINO AAAAA #MasterChefBR,negativo
1520,"Sobre o tema do #MasterChefBR: Comida tem que ser boa, mesmo que não faça bem. A vida é curta demais para dieta.",neutro
1521,Que linda essa homenagem do Serginho para o #DiaDasMães #AltasHoras,positivo
1522,LUTADORES NAO ME TOMBEM NAO VOTEM NO AZUL  #MasterChefBR,negativo
1523,Olha o @user desfilando no #ÉdeCasa #HACKATHONglobo,neutro
1524,Melhor momento da tarde ❤❤ #VideoShowAoVivo,positivo
1525,#VídeoShowAoVivo Otaviano. Você esqueceu de minha mesagens.,negativo
1526,TEM QUE PROVAR QUE MERECE...🎵 #Encontro,neutro
1527,"Um ignorante me sustentou,educou sem estudo e nenhum conhecimento, não me deixou sem um teto, foi o sr. Ailton Soares MEU HERÓI #encontro",positivo
1528,"#MasterChefBR perdi hoje, como vou ser bom na cozinha assim vei , não quero deixar tudo nas mãos da muie",negativo
1529,Bela Gil :Se eu pudesse teria mais uns dez! Vanessa da Mata: Nunca quis!!Imagina saindo aquilo tudo naquele buraquinho.KKKKK #AltasHoras,neutro
1530,Rodrigo Santoro fala Espanhol! Lindo! #conversacomBial,positivo
1531,primeiro prato que a menina n faz merda e vcs ai enaltecendo  #MasterChefBR,negativo
1532,UM MEME NOVINHO EM FOLHA SAINDO AGR DO FORNO DIRETO DO #ENCONTRO COM FÁTIMA BERNARDES,neutro
1533,"Ahhh que saudades do momento..""piadoca do jocaa""🎵 rsrs lindoos beijos ❤❤ #VideoShowAoVivo",positivo
1534,"Devolvam Vitor B e Abel, eu imploro @user #MasterChefBR",negativo
1535,eu não conseguiria fazer cenas assim #ConversaComBial,neutro
1536,Já já às 22h30 tem #MMACorinthians no #MasterChefBR  NÃO PERCAM!,positivo
1537,a equipe do Victor V sempre é a mais desorganizada e no final é a que sempre ganha #MasterChefBR,negativo
1538,Se vc quiser eu vou ter dar um amor desses de cinemaa 😍🎶🎶🎵 #altashoras #VanessadaMata,neutro
1539,"Gente, como alguém consegue não amar Vanessa Da Mata? #AltasHoras",positivo
1540,Tirem esse homem do programa pelo amor de Deus #Encontro,negativo
1541,Que mais vocês dividiam ?! Essa Sophia kkkkkkk Joaquim nem respondeu 🙄🙄🙄 #VideoShowAoVivo LINDA BRUNA MARQUEZINE,neutro
1542,Meu Deus to morrendo com o  #thenoite,positivo
1543,#Encontro todo mundo ta vendo que esse cara foi pago pra falar merda... Só pra alimentar as feministas que precisar se empoderar,negativo
1544,"bem q podia ter repescagem no #MasterChefBR, volta vitorb, tem tanta gente q merecia volta...",neutro
1545,Ala a Namaria de pijama e pantufas de unicórnio 😹😹😹 #MaisVocê,positivo
1546,Tô chorando  #DomingoLegal,negativo
1547,"É Kikão, migos #VideoShowAoVivo",neutro
1548,Todo mundo conseguiu entregar 💆 #MasterChefBR,positivo
1549,Como assim não é Nina ? ! KKKKKKKKKK eu jurava que era rapaz #ConversaComBial,negativo
1550,"o povo ta meio louco hoje, ta todo mundo perdido hahah #MasterChefBR",neutro
1551,"#Encontro.  Lindo, como Fabrício pegou o doce. Ambas as mãos embaixo do mesmo. Um gesto de respeito, com certeza.",positivo
1552,Misericórdia os pratos estão com uma cara horrível.  #MasterChefBR,negativo
1553,Ana Maria Braga de roupa de unicórnio... socorro! hahaha  #MaisVoce,neutro
1554,Ja começou o #TheNoite e hoje tá sensacional,positivo
1555,Hj a Ana Maria enterrou minha infância de vez. #MaisVoce,negativo
1556,O melhor foi o Tiago meio q colocando pilha. Perguntando a rede social do cara AAAAAAAAA QUERO SABER QUAL É #Encontro,neutro
1557,"Drauzio Varella é tão inteligente, imaginem se todos tivessem uma mente igual a dele, o mundo seria melhor! #ConversaComBial",positivo
1558,@user Poderiam repetir aquela célebre entrevista do Bial com o professor @user realizada nos anos 90 #ConversaComBial,negativo
1559,@user na hora que a #EquipeVermelha estava amassando batata estava verde sim #MasterChefBR,neutro
1560,N superei o susto q o @user me deu ontem  no #MasterchefBR e quando voltou a cara dele tava tipo I'M BACK BITCHES😂,positivo
1561,O pagodeiro se cortou? Eu achava que era só emo que fazia isso... #MasterChefBR,negativo
1562,Leo verdadeiro  #MasterChefBR,neutro
1563,@user é a melhor pessoa!!! 😂😂😂😂😂😂😂😂😂😂😂😂😂😂😂😂😂😂😂😂😂😂😂😂😂😂😂😂😂😂😂😂😂😂😂😂😂😂😂😂😂😂😂😂😂😂😂😂 #MaisVoce,positivo
1564,o leonardo é muito naja  #MasterChefBR,negativo
1565,Vitor V já está fora da eliminação. Quem será o próximo? #MasterChefBR,neutro
1566,Acho que mamai se sairia bem nessa prova de vísceras #MasterChefBR,positivo
1567,#encontro negro e branco no BR tá ferrado com a política do mesmo jeito.,negativo
1568,@user te vi em BH eu acho.. ou alguém muito parecido... Engraçado neh.. e ele nem tava com um saco de tomates. #MasterChefBR,neutro
1569,Irmães Galvão me fizeram gargalhar.... #berrooooo Kkkkķkkkkkk #encontro,positivo
1570,Caceeetaaaa #EquipeAzul tão muito perdidos... aiii carambaaa... vou ser tombada to vendoo #MasterChefBR,negativo
1571,"Prévia - Rio de Janeiro - #TheNoite com @user - SBT 7.8, Globo 7.6 e Record 2.2. Picos de 9.",neutro
1572,#MaisVoce Esse cara é muito top....só não esqueço o cara da raquete kkkkk,positivo
1573,Saudades da @user no Brasil.😭😍 #DomingoLegal,negativo
1574,MEU AMORRRR #DomingoLegal,neutro
1575,celular carregando pra poder assistir com vocês #MasterChefBR e torcer pro Leo sair e eu ganhar a camisa do @user,positivo
1576,Eu só espero que o Celso não iluda as lucerinas  #DomingoLegal,negativo
1577,QUEM É SEU PAI KKKKKKKKKKKKKKKKKKKKK  #Encontro,neutro
1578,@user #TheNoite na #PracaeNossa show de bola 😘,positivo
1579,"Se a Mirian sair, quem nós vamos odiar??? #MasterChefBR",negativo
1580,Fazer número 3 na velocidade que eu quiser... foi ótimo 😂😂😂😂😂😂😂 #altashoras #vidadeMae ❤,neutro
1581,Coisa linda o @user no #ConversacomBial! Arrasando! 💜,positivo
1582,Toda terça começo a forrar o estômago por volta de 8pm pra não ter fome na hora do #MasterChefBR. Sempre em vão. Mas sigo tentando,negativo
1583,"O crime organizado, o PCC é consequência do massacre do Carandiru #ConversaComBial",neutro
1584,Mds eu adoro #MaisVocê e nunca mais tinha visto,positivo
1585,o programa hoje não favoreceu a minha tpm eu chorei umas dez vezes já #MasterChefBR,negativo
1586,Esse vestido de @user é estilo anos 60. #VideoShowAoVivo,neutro
1587,Chega terça-feira​ ! Ansiosa para assistir #MasterChefBR,positivo
1588,"Já fui vítima de roubo no Internet Bank, bloqueei tudo é já não uso mais, não confio! #Encontro @user",negativo
1589,Qual o nome desse especialista? #ÉDeCasa,neutro
1590,#AltasHoras Vc é uma menina muito doce. E com as novas tecnologias vc vai com certeza fazer muitos progressos..Ah se eu fosse mais jovem. Bj,positivo
1591,"Olá @user eu preciso dormir, vamo agilizar com o comercial #MasterChefBR",negativo
1592,"#videoshowaovivo Aqui em Ji-Paraná/Rondônia tbm falamos ""dim-dim"". Em Minas Gerais fala-se ""chup-chup"". Bjus.",neutro
1593,to felizona que o Vitor tá cozinhando #MasterChefBR,positivo
1594,#VideoShowAoVivo  luto grande ator,negativo
1595,Hoje é dia de #masterchefbr,neutro
1596,"""Se a @user é o date, ela fica para o café da manhã"" - eu te amo, @user! #MasterChefBR",positivo
1597,Sabe de quem deu saudade? Do @user #MasterChefBr,negativo
1598,O creme de leite que tem em casa está vencido faz uma semana. Posso fazer a receita mesmo assim? #MaisVoce,neutro
1599,#MaisVoce Thais Araujo e Fernanda Freitas...show...,positivo
1600,VITOR PISA MENOS EU TE IMPLORO #MasterChefBR,negativo
1601,QUE PROGRAMA VEI #MasterChefBr,neutro
1602,Debate sobre os hackers malditos muito bom no #Encontro ! Não existe mais PRIVACIDADE nesse mundo!! @user @user,positivo
1603,"Quero ouvir mais É o Tchan viu Serginho, tá muito micro essa participação #AltasHoras",negativo
1604,Bacuri   com tucupi kkkkkk mano    #MasterChefBR,neutro
1605,Amo @user  no #VideoShowAoVivo  amanhã,positivo
1606,Vamos recomeçar o episodio de #MasterChefBR porque esse deu muito errado? Agradecida,negativo
1607,Programa de entrevista deveria sempre ter a lembrança que o Bial tem: temos duas orelhas e uma boca #ConversaComBial,neutro
1608,"#VideoShowAoVivo do coração, amo este programa desde criança",positivo
1609,#MaisVoce o senso de ridículo manda lembranças lá da Islândia. Ele está bem longe pelo visto,negativo
1610,"#MasterChefBR taca tucupi no frango ou no pato, que é do PARÁ hahah",neutro
1611,#ConversaComBial  com o @user  ❤ Amo forte @user,positivo
1612,Já perdemos o #BBB17 esse ano perder o #MasterChefBR tbm no mesmo ano seria crueldade.... será 2017 o ano do fim dos realitys?,negativo
1613,"#VideoShowAoVivo tchau delícias, 😍",neutro
1614,".@user ,a melhor repórter da TV Sorocaba que vc respeita,😜😜😜#DomingoLegal",positivo
1615,O AZUL N PODE DEIXAR FALTAR COMIDA  #masterchefbr,negativo
1616,"Amigos, peguem esse frango e arrocha dentro do forno!!!!!! #MasterChefBR",neutro
1617,#TheNoite como sempre ótimo mas hoje ta muito mara. Altos risos 😂,positivo
1618,"Reapresentação do #MasterChefBR termina aqui, pra mim! Não tenho psicológico pra passar por essa tensão daqui em diante novamente! 💔😢💔😢💔😢💔😢💔",negativo
1619,@user Pra quem acha que sardinha é coisa de pobre quero só ver os pratos que serão elaborados. #MasterChefBR,neutro
1620,Sophia Abrahão linda #AltasHoras,positivo
1621,"Eu estou com vontade de tomar o sorvete com a cachaça, como faz? #MasterChefBR",negativo
1622,Oi chef de cozinha  #Edecasa,neutro
1623,#MaisVoce falando de Nossa Senhora de Fátima 😍😍💒,positivo
1624,"#VideoShowAoVivo ta ai... Tata é a cara desse programa. Sophia q va fazer novela,",negativo
1625,Ana Lídia no #ÉdeCasa 💛💛💛,neutro
1626,Acompanhamos juntos com a Eva Wilma essa bela homenagem ao ator Carlos Zara no #VideoShowAoVivo,positivo
1627,"Pra aumentar peso, pra diminuir peso, não sei quantos mil pratos. Tô perdida. #MasterChefBR",negativo
1628,"Gente, vou fazer uma Live hj no #Instagram e quero perguntas bem legais! Me enviem inbox! #MasterChefBR",neutro
1629,O @user muito maravilhoso. Já vou atrás do livro novo! #ConversaComBial,positivo
1630,eu ja to aqui pronto pro #MasterChefBR mas ainda falta 1h10 =(,negativo
1631,#VideoShowAoVivo e o @user  na novela Terra Nostra.,neutro
1632,Morrendo de amor pelo filho do Serginho. Coisa mais fofa! #AltasHoras,positivo
1633,"Esse #Encontro tá ruim demais. Não tem nada atrativo, não fazem matérias interessantes, os convidados quase não falam de si... Péssimo!",negativo
1634,"Aqui no MS falamos ""eita pega"" para demonstrar surpresa,susto,admiração... #VideoShowAoVivo",neutro
1635,Carlos Alberto no #thenoite vai ser bacana,positivo
1636,Nunca mais vai acabar essa matéria chata desse menino não?  #VideoShowAoVivo,negativo
1637,"Tô assistindo #maisvoce e não tem áudio,5- acontecendo isso com vocês ? Socorro ~",neutro
1638,Ana Maria assando espetinho no ferro de passar roupa #MaisVoce,positivo
1639,Leonardo querendo que Ana Luiza fosse eliminada e o prato dela foi o melhor 👊🏼#MasterChefBR,negativo
1640,@user é aquela pessoa que você tem vontade de dar um abraço e ser amigo. #altashoras,neutro
1641,COMO EU AMO O #Encontro 😂😂😂,positivo
1642,Eu também tô me hidratando hein kkkkk #MasterChefBR,negativo
1643,Só quero ouvir VAI COMEÇAR A PUTARIAAA HAHAHA🎶 #TheNoite,neutro
1644,Muito bom o @user de hoje 👏👏👏👏 #DomingoLegal.,positivo
1645,#MasterChefBR Meu deus Jacquin tá chorando... vms cancelar essa eliminação,negativo
1646,Samurai quer sushi pra comer. #AltasHoras,neutro
1647,@user esse sabor novo é uma homenagem ao espinho do começo da temporada do #MasterChefBR? 😁 finalmente taioba tbm no La Guapa! ❤️,positivo
1648,#MasterChefBr Vcs já têm um vídeo com a parte em q aparece o Thiago Castanho? Perdi : (,negativo
1649,#videoshowaovivo o menino de terra nostra e o Zac de rock story,neutro
1650,Valter nunca critiquei #MasterChefBR,positivo
1651,Namaria colaborando mais uma vez com a fábrica de memes 😂😂😂😂#maisvocê,negativo
1652,@user dá 30 minutos para o @user e 15 minutos para #osdiasnaoeramassim e fica tudo numa boa e cheio de audiência #encontro,neutro
1653,@user Seeeerio? Mdssssss agora tenho mais motivo pra torcer por ele e ele ser meh crush.. #MasterChefBR,positivo
1654,serasse hj a Mirian sai???? #MasterChefBR,negativo
1655,Beckham não mudou nada kkkk 😂😂😂 !! #TheNoite,neutro
1656,que linda a Paola cozinhando 😍 #MasterchefBR,positivo
1657,E agora com a entrada do programa vi que escrevi o nome de todo mundo errado 😂😂😂😂 #MasterChefBR,negativo
1658,#MasterChefBR meu prato principal seria ovo mexido com copo d'água.,neutro
1659,@user O máximo #MasterChefBR,positivo
1660,Não to aguentando os comentários desse tim maia #MasterChefBR,negativo
1661,Cada peça aqui em Alagoas...kkkkkkkk #VideoShowAoVivo,neutro
1662,O Leo: - Eu não acredito que tô aqui encima!  A @user: - Desce!    Kkkkkkkkkkkkkkkkkkk  #MasterChefBR,positivo
1663,A plateia do Caras e Bocas pisaria muito nessa plateia do #altashoras,negativo
1664,"Só faltou o Nabby Clifford dizer: "" fora temer "". #encontro",neutro
1665,@user Pelo que eu saiba o Danilo Gentili não tem acessoria. 😊👍 #TheNoite,positivo
1666,O #ConversaComBial de hoje começou 35 minutos depois do horário divulgado no site da programação da Globo.,negativo
1667,"Alguém nesse universo NÃO gosta do Zeca Pagodinho? Acho que não é possível! E só um detalhe, é BOTAFOGUENSE! #conversacombial",neutro
1668,Ao mesmo tempo que eu amo a @user eu tenho medo dela não da pra imaginar o que passa naquela cabecinha!!! #MasterChefBR,positivo
1669,Miriam aparece e eu blehhhh 😬#MasterChefBR,negativo
1670,Consolidados - SBT (12/05):  #TheNoite @user 3.3 #SBTNotícias - Madrugada I 2.0 #SBTNotícias - Madrugada II 2.1,neutro
1671,Ótimo início do #TheNoite heheheh,positivo
1672,"#MaisVoce , eu já tomei esse milkshake da Kombosa e não gostei. Principalmente do atendimento deles, muito ruim.",negativo
1673,Hoje tem #MasterChefBR  😱😱😱😱,neutro
1674,Olha a Ninaa! #TheNoite,positivo
1675,"Putz, tomei spoiler do #MasterchefBR",negativo
1676,Oi fatima manda a @user cantar #Encontro,neutro
1677,"Falar de comida rende, pq o Serginho está a 30 min falando sobre o assunto. Papo mais longo da história do #AltasHoras",positivo
1678,Essa depilação na sardinha é sem fim #MasterChefBr,negativo
1679,Drauzio Varella: não adianta só construir presídio. Precisa um novo por mês. (Acho eu então pena de morte p/crime hediondo) #ConversaComBial,neutro
1680,"""vc ta passando bem?"" BERRO kkkkkkkkk #MasterChefBR",positivo
1681,"Muito fácil se dedicar a esportes radicais com estrutura familiar e apoio financeiro, né? #MaisVoce",negativo
1682,Quase chorei quando Vitor B teve que sair para o ambulatório... Meu crush ♥  #MasterChefBR,neutro
1683,Confesso que sou fãzinha da Bela Gil. #Altashoras,positivo
1684,"Posso falar q eu quase MORRI por causa do @user hj no #MasterChefBR ??? Me matou de aflição, cara!!!! 😱 Ainda bem q deu certo depois.",negativo
1685,Consolidados - SBT (18/05):  #TheNoite 4.3 #SBTNotícias I 3.2 #SBTNotícias II 2.4,neutro
1686,O #JN tá competindo com o #MasterChefBR pra ver quem dura mais?,positivo
1687,"@user @user @user Isso aí, vai pra cima dessas cobras! #MasterChefBR",negativo
1688,A aliança terá que ser trocada rs #Encontro,neutro
1689,Comida paraense é mt boa #MasterChefBR,positivo
1690,A Mirian acha que com esse choro dela vai garantir ela ficar #MasterChefBR,negativo
1691,A @user de vestido de poá no #VideoShowAoVivo. Plmdds! 😍,neutro
1692,"Gui santiago cantando  sonha comigo  foi lindo  paralisei na frente da tv , terminem o programa com ele . #VideoShowAoVivo",positivo
1693,Triste com a saída do Vitor B #MasterChefBR,negativo
1694,@user por favor queria muito ver os bastidores da cena do parto de Anna #VideoShowAoVivo,neutro
1695,Só eu sonho em tenho uma mise en place sempre prontinha toda a vez q vou cozinhar??? Quero uma igual do Raul toda a vida #MasterChefBR,positivo
1696,"Quero @user no #Encontro é pedir demais produção? ! Não, obg de nada. 😌👑💕👏👏 @user",negativo
1697,#AltasHoras Voto no Marco Luque pra sair da casa.,neutro
1698,DAQUI A POUCO VAI COMEÇAR #MasterchefBR,positivo
1699,Esses modos de votação são os mais torturantes  #MasterChefBR,negativo
1700,"esse vitor b é muito a cara do leandro do klb começo de carreira, só faltava ser vesguinho #masterchefbr",neutro
1701,"Hebe cantando, que voz linda ela tinha #MaisVoce",positivo
1702,#VideoShowAoVivo mostrando o resumo de #OsDiasEramAssim so comprova que a coisa ta ruim pro lado da novela,negativo
1703,Low carb só ia dar o escondidinho de frango com creme de couve-flor #MasterChefBR #MasterChef,neutro
1704,#VideoShowAoVivo Sophia Você tá Maravilhosa!,positivo
1705,"Eduardo, se você quis ser um grande babaca em rede nacional vc conseguiu. #encontro #saimachista",negativo
1706,Bial abre o programa com LAURO JARDIM. Entrevista gravada hoje #ConversaComBial,neutro
1707,O vídeo show fica muito melhor quando  vcs 2 apresentam @user @user #VideoShowAoVivo,positivo
1708,Frango a passarinha @user #MaisVoce NaMaria,negativo
1709,Psicando a Mirian pq sim. #masterchefbr,neutro
1710,"Ela sorrindo, aí Deus ksjsgsv 😍😍😍 #DomingoLegal",positivo
1711,@user está na equipe errada #MasterChefBR,negativo
1712,A Lua jamais se enquadraria como caprícorniana. Eu sou um exemplo de pessimismo e realismo. #Encontro,neutro
1713,O que foi a vovó Galvão pedindo um selinho pro @user ????  kkkkkkkkk amei  #encontro,positivo
1714,Agora recebam ele que tem paladar infantil @user #TheNoite,negativo
1715,Foi nessa gravação que o #VideoShowAoVivo ta mostrando que os moradores acharam a Paolla um docinho,neutro
1716,"Padre Fabio de Mello vai cantar Trem Bala no #ConversaComBial, já sei que vou chorar!",positivo
1717,#Encontro Fatima eu fico triste quando o #Fantastico começa no Domingo a noite...kkkk sinal que o Fds acabou!!!!,negativo
1718,#somostodosherois #encontro vamos mudar o mundo!,neutro
1719,"#VideoShowAoVivo  Kk não tenho TV, tô assistindo na casa de um amigo. AMANDOOOO... Alô de Panambi - RS",positivo
1720,Essa carne ta parecendo um pedaço de côco no prato kkkkkkkkk #MasterChefBR,negativo
1721,Eu e a Júlia chorando assistindo #MasterChefBR,neutro
1722,"""Cada um que expulse o diabo que criou."" -de Melo, Fábio HAHAHAHAHAHAHAHAAHA #conversacombial",positivo
1723,FÉ NO PAI QUE A MIRIAN SAI #MasterChefBR,negativo
1724,"O Choque de Líli  de TD+ para Germana de Novo Mundo, aconteceu o mesmo com Beth de Andando Nas Nuvens para Maria João de UGA UGA   #MaisVoce",neutro
1725,#thenoite @user @user Diguinho sensualizando sem ser vulgar,positivo
1726,"Quando eu digo q tem muita mãe  machista e por isso o machismo ainda persiste, alguns me xingam tá aí a prova hj no #Encontro",negativo
1727,"To aqui bem linda, esperando o meu #MasterChefBR",neutro
1728,"O Padre fabio de melo lacrando no Snap Chat,,, #ConversaComBial",positivo
1729,"Gente desfia o frango direto na panela de pressão, nunca viram aquelas dicas no Face?  #MasterChefBR",negativo
1730,Porque Laura Müller não está participando do #AltasHoras?,neutro
1731,Fátima e minha diva #VideoShowAoVivo,positivo
1732,#masterchefbr Falo nada dessa propaganda mentirosa do @user . Chega la é um sanduiche com gosto de isopor temperado com agua.,negativo
1733,Só VRÁ hj no #Encontro,neutro
1734,"#MaisVoce Viviane Pasmanter, melhor atriz. Dá logo um Oscar pra essa mulher",positivo
1735,Cada pergunta idiotaq esse povo da plateia faz #altashoras,negativo
1736,"Olá, @user! Gostaríamos de ver a cantora e youtuber @user no #MaisVocê. Obrigada! @user @user",neutro
1737,EU TO AMANDO #masterchefBr 😍😍😍😍,positivo
1738,#maisvoce @user Nesse caso é que essa Garota é HiperMojentinha mesmo..acredito que antes da fama comia pão com ovo kkk,negativo
1739,Revoltado que ninguém usou bacuri. #MasterChefBR,neutro
1740,#VideoShowAoVivo mostrou @user pequenininho numa participação na novela terra nostra e 1999 que fofoooo...lindo desde sempre :),positivo
1741,Rico manda suas roupas  na lavanderia e já vem passada.....Eles não sabem nem o que é ferro de passar!!! #MaisVoce,negativo
1742,#MaisVocê o que tá acontecendo com NaMaria?,neutro
1743,A Regra do Jogo era legal #VideoShowAoVivo,positivo
1744,CANCELA O EPISÓDIO DE HOJE  #MasterChefBR,negativo
1745,otaviano não percebe nem quando o joca nao ta bancada quero ver reparar no cabelo kkkj #VideoShowAoVivo,neutro
1746,@user está linda! Super básica e gata. Só pergunta pro @user onde comprou a blusa pq tb tô querendo #VideoShowAoVivo,positivo
1747,O Bial não para de interromper o entrevistado 🙄🙄 #ConversaComBial,negativo
1748,"Ana Maria, agora, fazendo frango a passarinho: ""vai que alguém não come alho, tô traumatizada"" #MaisVocê",neutro
1749,A @user  ta me representando hj  @MChefVitorB tá me amando do coração #MasterChefBR,positivo
1750,"Eu fico vendo esse povo achando que vai dar certo , chega na hora ... tudo Errado  #MasterChefBR",negativo
1751,Achei q o @user so ficava acuado assim qnd via aranhas kkkkkkkkkkkkkk #TheNoite,neutro
1752,Poesia com rapadura logo no início do #encontro. 😍😍😍 Que lindo! @user arrasa sempre!,positivo
1753,Eles perdem tempo fazendo coisas que não acrescentam nada no prato. São desorganizados e é isso que faz a comida sair ruim #MasterChefBR,negativo
1754,#TheNoite com @user foi 10/10,neutro
1755,#VideoShowAoVivo  Aqui em Pernambuco se chama dudu!!! Zeca e Otaviano❤❤❤❤,positivo
1756,Assistindo o episódio 7 do #MasterChefBR e a Mirian como sempre me irritando... acha que porque tem idade só ela sabe tudo.,negativo
1757,#MasterChefBR Acho justo o Vítor ter um tempo pra fazer o prato depois do atendimento médico!,neutro
1758,Só assistindo #éDeCasa pra ver se vai aparecer o #chef gato de novo!!!,positivo
1759,Porra acabei de ver quem saiu do #MasterChefBR e eu ainda não assisti o ep de ontem.... VSF 😡,negativo
1760,"Já, já logo após o #JornalRational do #ProgramaDoRatinho 😂😂👍 tem participação especial na #APraçaÉNossa, em seguida #TheNoite no @user.",neutro
1761,Maluma tudo de bom ... 😍😍 #TheNoite,positivo
1762,Se o Vitor sair eu choro/se o Vitor sair eu choro/se o Vitor sair eu choro /se o Vitor sair eu choro/ #MasterChefBR,negativo
1763,Quendaaaaaa Xuxa na Globo.... Mega destaques Poder da Hebe #MaisVoce,neutro
1764,Esse quadro adultos com voz de criança é sensacional 😂😂😂 #TheNoite,positivo
1765,#MaisVocê essa cena é tão 😢😢😢😢,negativo
1766,De fato. Quando a mulher é mais velha que o homem o preconceito é muito maior que um homem mais velho que uma mulher #Encontro,neutro
1767,"#VideoShowAoVivo  impossível não chorar com essa menininha , parabéns Fátima e vídeoshow! A vida é risos, mas é bom perceber a realidade. Bj",positivo
1768,olha a hora que a pessoa vai dormir por causa de #MasterChefBR,negativo
1769,"#MaisVocê namaria,o q fizeram com vc mulher?",neutro
1770,"Sou super fã  dessa mulher incrível,  inteligente e excelente apresentadora.  #VideoShowAoVivo",positivo
1771,"#encontro que ridículo esta atitude machista deste cara ai , e a ""namorada"" dele será que é assim que ela quer ser tratada?",negativo
1772,Travou ali no 27 x 24 #MasterChefBR,neutro
1773,Esse mezanino vai cair...pke tá O PESO! #MasterchefBR,positivo
1774,"Aff, mais uma semana aturando o Leonardo! #SaiLeonardo semana q vem então! Otimismo neh @user @user #MasterChefBR",negativo
1775,"#conversacomBial  ""O machismo se estende até dentro das prisões"" .",neutro
1776,"Gente a Namaria tá com a pantufa do unicórnio que eu tô desejando há meses! Manda ela tirar minha pantufa do pé! Obrigada,de nada #MaisVoce",positivo
1777,"Como esse Léo é insuportável, ridículo #MasterChefBR",negativo
1778,Direito do Cidadão ter armas. #TheNoite,neutro
1779,Sei lá mas o #MaisVocê ta a sua cara hoje @user  Feliz Aniversário!!!,positivo
1780,"A mulher quer um bando de filho pra vó, a creche e os outros filhos cuidarem! Falta de responsabilidade a gente vê no #encontro",negativo
1781,Alô lorinha ô lorinha você sabe mexer #altashoras #eotchannoaltashoras,neutro
1782,Ontem o #MasterChefBR  foi muito dahora com os lutadores.,positivo
1783,"""Não tá morto quem paleia"" Thaíse não me faz lembrar de BBB agora! #MasterChefBR",negativo
1784,"O negócio é torcer para os chatos, pois sempre os que nós torcemos acabam saindo... #MasterChefBR",neutro
1785,Fiuk lindo maravilhoso! #Maisvoce #Viva no viva !,positivo
1786,Eu to desesperada #MasterChefBR,negativo
1787,preciso aguentar firme pra ficar acordada até o final do episódio aaaaa #MasterChefBR,neutro
1788,#Encontro mostrando a história do cabo da polícia militar q salvou 20 pessoas de um incêndio 👏👏 Por mais policiais como este cabo p/ o mundo,positivo
1789,Chorando estou!!! #AltasHoras,negativo
1790,Uma família toda cacheado no #Encontro com Fátima Bernardes @user,neutro
1791,#AltasHoras mesmo deitada estou me acabando com É o Tchan! Adorooooo💃💃💃😍,positivo
1792,Aliança ta pequena pra esse dedo ai né #Encontro,negativo
1793,TCHAU PESSOAL!!! ATÉ DOMINGO QUE VEM!!! #DomingoLegal,neutro
1794,"amei a roupa da Ana hoje, quero uma assim pra ir trabalhar #MaisVoce",positivo
1795,#MasterChefBR VITOR V PASSANDO O DEDO NA BOCA E NO FRANGO SOCORRO,negativo
1796,@user o pai de todos no #TheNoite 😂👏👏,neutro
1797,Eu vivi pra ver a Ana Maria de unicórnio kkjj #MaisVoce,positivo
1798,"acho estas flores  altas d+ para essa mesa de jantar da Ana, a conversa vai ser difícil #MaisVoce",negativo
1799,Vai caralhooo!!! #MasterChefBR,neutro
1800,@user Imperdível assistir essa linda no #Encontro,positivo
1801,"""Ana Luiza deu uma despirocada"" #MasterChefBR KKKKKKKKKKKKKK",negativo
1802,Vanessa sincera #AltasHoras,neutro
1803,o dia que eu cantar na fátima vai ser muito top porque eu sou muito fanzoca #Encontro,positivo
1804,"Ana Paula falando ""Não é algo q vc coma todo dia"". Como assim? Fígado de boi e moela é o que mais vende em açougue de bairro! #MasterChefBR",negativo
1805,Chorando muito com esse #encontro de hj,neutro
1806,"Que homem lindo! Minha amiga disse que ele é gay, só porque ele é bonito 😂 #DomingoLegal",positivo
1807,Bem que poderia ter repescagem no #MasterChefBR pro @user  voltar e mostrar do que ele é capaz.❤ homem Guerreiro e batalhador.,negativo
1808,#TheNoite não vai ter mas Osasco com a inês Brasil?,neutro
1809,Orgulho ❤️ #MaiaraeMaraisaNoBial #ConversaComBial,positivo
1810,"Alô #JPmorningshow, chamem a @user p comentar sobre o #MasterChefBR urgente!!! A maior fã da Mirian 🙊",negativo
1811,"Alô Serginho, eu tô aqui na minha casa mesmo #ALTASHORAS",neutro
1812,#VideoShowAoVivo  Aaaaaa Sophia falou da Mel aaaaa,positivo
1813,só hoje assistindo o #MasterChefBR e muito triste que meu queridinho @user saiu :((( &lt;\3,negativo
1814,"Socorro, a Michelle! A professora que me deu aula de Teoria da Comunicação acabou de aparecer no #MaisVoce",neutro
1815,Yuko sempre acha que vai se dá mal mas como toda oriental se vira nos 30 e acaba indo muito bem nas provas #MasterChefBR,positivo
1816,"#MasterchefBR nao dou conta desse povo colocando coisas no prato apenas "" para dar cor"".",negativo
1817,O que foi isso HAHAHAHA   #Encontro,neutro
1818,#altashoras  a mãe do serginho linda 💕,positivo
1819,Por favor galera denunciem o perfil da @user ela é racista e homofóbica! #VideoShowAoVivo #desafiodepoisdas11 #ReliquiaDoisConeCrew,negativo
1820,"""Africano virou negro quando foi acorrentado..."" #encontro",neutro
1821,#AltasHoras SUCESSO com atrações da Bahia e homenageando o dia das mães,positivo
1822,Prato do Vitor tão feio quanto meu cabelo de manhã #MasterChefBR,negativo
1823,#VideoShowAoVivo  Vem ai DVD Sonho Banda conde do forró  @maltrataconde @user @user,neutro
1824,"So pela espera do filmaço,que elenco heim,que filme,vem que vem o raztro ,danilo sempre foda hudy #TheNoite",positivo
1825,Já..😱. acabouuu... Nãoooooo #ConversaComBial,negativo
1826,O que é o @user dançando no #TheNoite,neutro
1827,Eu quero nos dois bem juntinhos Até ficar bem velhinhos Bengala e Crochê♥ #MaiaraeMaraisaNoBial #ConversaComBial @user,positivo
1828,Merda!!! Perdi Maiara e Maraísa no #ConversaComBial 😒,negativo
1829,Só eu que não assisto #MasterChefBR? 👀,neutro
1830,que família linda essa no #Encontro,positivo
1831,"Caraca, o último #MasterChefBR foi traumático",negativo
1832,Consolidados - GLOBO (08/05):  #BDSP 10.5 #BomDiaBrasil 10.3 #MaisVocê 8.0 #BemEstar 7.5 #Encontro 6.9 #SP1 12.2 #GloboEsporte 12.0,neutro
1833,A Fátima fica mais bonita com cabelo curto 💇 😊 #videoshowaovivo,positivo
1834,#Encontro pais relatam que filhos sofrem bullying por passar nudes próprios e o culpado é quem compartilha? É sério? #InversãoDeValores,negativo
1835,"Celular de @user tocando no meio da entrevista 😂 queria que ele atendesse, queria sim rs. #ConversaComBial",neutro
1836,Meu Deus a Sandy no #encontro 😍😍😍😍😍😍😍,positivo
1837,"Vitor B é meu amor, não aceito perder ele nunca #MasterChefBR",negativo
1838,Essa juventude nunca saberá o que é dançar os cds inteiros do @user nas festas escolares #altashoras #eotchannoaltashoras,neutro
1839,Rafa Brites linda no #VídeoShowAoVivo !!!,positivo
1840,"Gosto tanto a Michele,  mas ultimamente ela só tem ficado com os marromeno #MasterChefBR",negativo
1841,"A sardinha que ganhar, vai ser meu prato pós festa de amanhã #MasterChefBR",neutro
1842,Queria ir dormir cedo mas lembrei que hoje tem #masterchefbr,positivo
1843,O Brasil pede o impeachment da Miriam!!! #MasterChefBR,negativo
1844,Começooou o #TheNoite,neutro
1845,Tô assistindo o ep de ontem do #MasterChefBR e ver a Michele e Aderlize fora da prova de eliminação: não tem preço! ❤,positivo
1846,Coração partido com a saída do @user #MasterChefBR,negativo
1847,Láaa vou eu assistir #MasterChefBR  😌,neutro
1848,Legal que os caras ficam lá lutando rsrs #MasterChefBR #EquipeAzul,positivo
1849,"Só embuste nesse mezanino, podiam eliminar todos #MasterChefBR",negativo
1850,#MasterChefBR aiii meu Deus a Yoku e tao fofinha,neutro
1851,"nossa, quanto aviú! hahaha #MasterChefBR",positivo
1852,Hambúrguer doce?! Gente para! #MaisVoce,negativo
1853,Lazaro falou Bale fitness e Ana Maria Braga escutou palafitas #MaisVoce,neutro
1854,"Mano é daqui a pouco, é daqui a pouco que eu morro. 😂😭❤️ #DomingoLegal",positivo
1855,"Ai vc tá dormindo e acorda passando Anjo - Saulo na Tv da Sala, pqp! É pra acabar comigo né produção?  #ÉdeCasa",negativo
1856,"E aí, @user. O Vitor B volta ou não volta? #MasterChefBR",neutro
1857,Léo Lins de VERA VERÃO mano Ri Demais kkkkkkkkķkk EEEEEEEEEEEEEEPÁ kkkkkkkk @LeoLins @user #THENOITE,positivo
1858,abdiquei do #MasterChefBR às terças por causa do kickboxing quarta de manhã. só vou acompanhar o programa no youtube agora :(,negativo
1859,toda a certeza do mundo de que serei a próxima velhinha de 100 anos e que não casou #Encontro,neutro
1860,"Eu não seu por que vocês não gostam do Leonardo, acho ele sensacional. Humor ácido 😂 #MasterChefBR",positivo
1861,Esse Mirian ja deu #MasterChefBR,negativo
1862,Só vou assistir esse #ConversaComBial de lei e ir dormir porque tô precisando,neutro
1863,"#VideoShowAoVivo ele foi um grande ator. Uma pessoa que sabia agradar seu público, desde os mais velhos aos adolescentes.❤ #NelsonXavier .",positivo
1864,Um machista na plateia socorro #encontro,negativo
1865,"Depois desse #MaisVoce de hoje, se nadar der certo, eu viro #meseira",neutro
1866,#MasterChefBR Fogaça sou sua fã...,positivo
1867,AI CARALHO TO MTO NERVOSA #MasterChefBR,negativo
1868,"Já que ngm fala comigo, depois do #VideoShowAoVivo vou visitar Ilana.",neutro
1869,Mal começou a prévia do MasterChef e eu já tô catando coisa pra comer #MasterChefBR,positivo
1870,o prato tem que ter pouco sódio mas eles precisam colocar caldo knorr cadê a lógica??????? #MasterChefBR,negativo
1871,Quem tá na cozinha hoje sou eu. Baixou o esprito de #MasterChefBR . Vou me superar!,neutro
1872,Amo a Ana Maria 😂😂 ela entra muito na onda das coisas #maisvoce,positivo
1873,Que aflição esse placar vei #MasterChefBR,negativo
1874,Os Homens do Brasil usa o QE(em vez do QI) mais do q os homens de PAÍSES RICOS ?  #ForçaVictor #SegundaDetremuraSDV #Encontro Paulão e Breno,neutro
1875,"Um close é um close né more, adoro o Douglas #MasterChefBR",positivo
1876,"Meu Deus, meu coração não aguenta!!! #MasterChefBR",negativo
1877,Machistas NÃO PASSARAM! #encontro,neutro
1878,Débora é a maior jogadora que você respeita #MasterChefBR,positivo
1879,Socorroooo! Esse vídeo das crianças falando sobre suas próprias mães 😢😢😢 #Encontro,negativo
1880,avisa a katia q eh hj #MasterChefBR,neutro
1881,"#MasterChefBR Não sei o as pessoas veem na @user  So porque ela é linda, tem covinha quando sorri, cozinha bem, é gente boa, e etc",positivo
1882,Paola jogou ba nossa cara que ela conhece vários países e a gente não #MasterchefBR,negativo
1883,#VideoShowAoVivo A pronto agora vou chorar,neutro
1884,"Por favor @user hj não exiba o Profissão Reporter, quero ver o #ConversaComBial e depois vou dormir. 😘✌",positivo
1885,"a Rainha do doces,Douglas,saiu(tombou kkkkk) e achava que ele iria pelo menos pro top 5,deixaram a Miriam lá pra tretar :/  #MasterChefBR",negativo
1886,#altashoras Alguém notou que a Anita estava dublando?,neutro
1887,Belíssimo episódio 👏🏼 Salve a nossa culinária 🇧🇷 #MasterChefBR,positivo
1888,Tomara que o #TimeAzul perca. #MasterChefBR,negativo
1889,"Consegui reservar cedo a TV da cozinha, esperando o #MasterChefBR começar.",neutro
1890,Eu quero saber onde eu compro a pantufa que a Ana tá usando!! #MaisVoce,positivo
1891,"Resuminho: O crush sai, volta, mata o povo do coração, arrasa e vai pro mesanino.. #MasterChefBR",negativo
1892,Vão ter que cozinhar sapos?? #MasterChefBr,neutro
1893,nando é o amor da minha vida mesmo #Encontro,positivo
1894,#MasterChefBR Aff já vai chorar  Miriam,negativo
1895,Gente Maluma são várias pessoas né? Ele fica diferente a cada vez que aparece #thenoite,neutro
1896,que coisa linda a mãe do serginho #AltasHoras,positivo
1897,mirian faz o favor de sair que ninguém te aguenta mais  #MasterChefBR,negativo
1898,"#MasterChefBR 20 mil tweets com o nome Mirian, quando vc vai ver, 99% do Twitter não gosta dela, do que adianta cozinhar bem e ser escrota?",neutro
1899,"O vinho pode ser branco ou tinto , mais ocu tem que ser Rosê kkkkkkkkkkkkkkkkkkkkkkkk Ri demais kkkkkkkkk @user #THENOITE",positivo
1900,"O dia pós #MasterChefBR é sempre triste, com fome e nada decente pra comer, por isso bebemos 🍻",negativo
1901,@user e @user JÁ SEI QUE DESSA VEZ DÁ #TimeAZUL !!! #MasterChefBR,neutro
1902,"@user @user Sophia Abrahão no #altashoras é ""Vida Inteligente na Madrugada"" 💖  #soseiamar",positivo
1903,Avisem a Ana Maria q ela já está passando dos limites #MaisVoce,negativo
1904,Olha aí a @user de novo!! #MasterChefBR,neutro
1905,"Que orgulho de ti, @user! #Encontro",positivo
1906,"A idéia do Douglas foi boa, porém pecou na execução. Não merece sair! #MasterChefBR",negativo
1907,sorvete de cachaça. .. #MasterChefBR,neutro
1908,"Carlos Alberto melhor pessoa, sou fã do pgm, fã dele como pessoa, do conhecimento, da humildade #TheNoite",positivo
1909,@user aaaaah eu tô ansiosa demais @user  #MaiaraeMaraisaNoBial #ConversaComBial,negativo
1910,"carai, não curto mto ele, mas o Catra falou uma verdade BRUTA agora viu #TheNoite",neutro
1911,MUSA DA COPA!  #VideoShowAoVivo,positivo
1912,#Encontro não creio que falaram isso,negativo
1913,Galinhada desconstruída... Eh pakaba #MasterChefBR,neutro
1914,Só falta a Mirian sair pra completar o melhor episódio rsrsrsrs  #MasterChefBR,positivo
1915,#AltasHoras se essa plateia n se anima com É O Tchan é pq é td cotado,negativo
1916,Agora vamos.  Quem dormir primeiro e mulher de padre.   #partiudormir #conversacombial,neutro
1917,"@user  #MaiaraeMaraisaNoBial #ConversaComBial, so faltou a Marialia Mendonça pro trem ficar melhor ainda rsrs lindas .",positivo
1918,Hj dá gosto em assistir o #VideoShowAoVivo pq não tá o Otaviano mostrando os 97 dentes daquela boca e querendo se exibir a todo momento.,negativo
1919,Eu pensava que o Rafael Infante era gay #TheNoite,neutro
1920,comeria tudo que o vitor falou #MasterChefBR,positivo
1921,Maluma o Justin Bieber Latino ? Maluma é homem não um moleque #TheNoite,negativo
1922,Miriam fez um cuscuz que mais parece um mexidão. #MasterChefBR,neutro
1923,Que voz. Amo a Sandy pra sempre!!!!#Encontro,positivo
1924,"a Lais Souza de convidada e o Tchan cantando ""parapapapa paralisou"" 😒 #AltasHoras",negativo
1925,J: A Tailândia é muito longe daqui. Y: A Itália também. #vra #afrontosa @user 😂😂 #MasterChefBR,neutro
1926,@user exaltando a habilidade do brasileiro de fazer memes. Hahaha #ConversaComBial,positivo
1927,#Encontro Nando Reis está desconexo do tema: não é envelhecimento! É questão de gênero! Ainda bem que a Miriam trouxe ele pra realidade!,negativo
1928,"Um garoto de 13 se relacionar com uma mulher de 23 todo mundo aplaude, mas se fosse o contrário, já era considerado pedofilia. #Encontro",neutro
1929,@user dá pra parar de ser linda 😱  Q look é esse 😍  #MasterChefBR,positivo
1930,#MasterChefBR faltou costela de tambaqui,negativo
1931,Eu só queria as comidinhas de ontem do #MasterChefBR,neutro
1932,#TheNoite ta muito bom hoje,positivo
1933,Simplesmente NOJO desse cara no #Encontro,negativo
1934,Rafael Infante é do Exercito? Hsisnksnzksnsm #TheNoite,neutro
1935,Morrendo d amores pela dona Ana 😍 #AltasHoras,positivo
1936,se foci a abobora ja tinha começado #MaisVoce mas kd germana e licurgo?,negativo
1937,#MasterChefBR será que termos ganhador de Minas Gerais,neutro
1938,#VideoShowAoVivo essa carinha de anjo é inconfundível... Que amor 😍,positivo
1939,"@user Por favor, chama o @user  pro #TheNoite. E me poem na plateia tbm né?! Kkkk",negativo
1940,"eu achei que o Murilo fosse levantar e fazer algo, e o programa acabou kkkkk  #TheNoite",neutro
1941,Hj tem Dr Drauzio Varela no #ConversaComBial 😀🤗,positivo
1942,"Troco o time vermelho todo com  super brindes chamados Miriam e Leo, e vocês devolvem o @user  #MasterChefBR",negativo
1943,#Encontro de casais,neutro
1944,Braulio é muito legal né? ❤️ #Encontro,positivo
1945,A Sandy não vai cantar não? #Encontro,negativo
1946,Quando o Fogaça chamou a Paola de chef só lembrei da fanfic Libido 🔥🔥🔥🔥 #MasterChefBR,neutro
1947,E o meu amor pelo @user só cresce. Orgulho de todos nós. Mais que um clube. #Encontro #AdoteumPequenoTorcedor,positivo
1948,Alguém tira a Miriam deste programa #MasterChefBR,negativo
1949,#MasterChefBR Paola estava me representando durante a contagem,neutro
1950,@user no #TheNoite pqp haishauahsuahsusjaudjs,positivo
1951,"O Leo tem potencial para levar o programa mas, o comportamento dele não é legal... #MasterChefBR",negativo
1952,"Hoje o programa vai ser na porrada, apanha menos quem cozinha mais !!!#MasterChefBR",neutro
1953,Lindos como sempre amo tudo #VideoShowAoVivo,positivo
1954,não acredito que o azul vai perder :( #MasterChefBR,negativo
1955,#VideoShowAoVivo na hora da janta,neutro
1956,EU TO SURTANDOOO  #MaisVoce,positivo
1957,"Nossa, arnaldo antunes é muito chato ne, socorro #encontro",negativo
1958,"#encontro. Para um otimista é ótimo chegar aos 100, mas pra um pessimista isso é a pior coisa que pode acontecer.",neutro
1959,"#ConversacomBial  Melhor conversa... E eu já quero o spray para quem fala d+, no caso para uso pessoal 😂",positivo
1960,Acho que hoje vai ter muita @user nessa prova do #MasterChefBR...,negativo
1961,"#encontro  Com aquela pessoas especial, eita não tenho 😭😭",neutro
1962,@user @user #ConversaComBial #RodrigoSantoro A vida é um aprendizado absoluto e respeitar a ti mesmo é amar a ti mesmo. Brilham!,positivo
1963,Vitor B não pode sair não #MasterChefBR,negativo
1964,#VídeoShowAoVivo Por favor passa a cena da Ivana de ontem,neutro
1965,Como não amar Sandy? Fala pra mim!!!!! #Encontro,positivo
1966,#encontro falta falar dos realistas.,negativo
1967,To de tpm  #MasterChefBR,neutro
1968,#AltasHoras Nossa gente! A Bela Gil é  a criança que dança de odalisca ao lado da Carla Perez no clip do Tchan e quem dirigiu foi Preta Gil.,positivo
1969,#MasterChefBR O prato do Burginhon vou te falar viu.. Meu ovo frito esfacelado tá mais bonito.,negativo
1970,Então orange is the new black não está tão distante da realidade do brasil #ConversaComBial,neutro
1971,Corre pra #Band Brasiiiiilllll #MasterChefBR mesmo pq ninguem merece  Tais Araujo,positivo
1972,#QuartaDetremuraSDV engraçado ver os tios falando de internet no #encontro ... Entendem mais que nós 😒,negativo
1973,Mas eu vivi pra ver 3 Impeachment e a Namaria Braga vestida de unicórnio na tv.  #MaisVoce,neutro
1974,Bom dia  assistindo #MaisVoce,positivo
1975,"Saudades do ""Mestre mandou raiz"" só com o pessoal do The Noite mesmo e de vez em quando UMA participação  #TheNoite",negativo
1976,@user Me vem o Galvão HOJE SIM HOJE SIM HOJE SIM... HOJE NÃO #MasterChefBR,neutro
1977,que entrevista maneira com esse escritor no #TheNoite,positivo
1978,Aiii alguem tira esse homem dai pelo amor  #Encontro,negativo
1979,@user OLA COLOQUE UM VIDEO DE RAUL SEIXAS CANTANDO MALUCO BELEZA #VideoShowAoVivo,neutro
1980,"Mergulhe na arte, a arte faz o coração maior e melhor! #Encontro",positivo
1981,Geeeeente??? Q porra é essa????? O Douglas saiu e a Miriam ficou????? #MasterChefBR,negativo
1982,To esperando começar #TheNoite,neutro
1983,"Não basta assistir o #masterchefbr na terça, tem que ver a reprise sexta no Discovery 😍",positivo
1984,Foi muito pouco o #MalumaNoTheNoite quando é uma pessoa chata é  mto mais a entrevista.  #TheNoite,negativo
1985,A @user traduziu todo o nervosismo do #MasterChefBr,neutro
1986,"Hoje é o dia que eu durmo bemmm tarde, graças ao Master Chef #MasterChefBR #foraMiriam #ForaLéo",positivo
1987,NÃO MANDE NUDE  hahushuahsuahush aham #Encontro,negativo
1988,Eu acho q o Joaquim Lopes acabou de te matar no #VideoShowAoVivo  @user,neutro
1989,#MasterChefBR com as belas e competentes@MChefNayane @user @user @user,positivo
1990,"Só no #Encontro mesmo, pra pessoa falar que farinha ""tal"" da muito peido. Kkkkkkk",negativo
1991,"@user Aqui no sul nós falamos: bah, tche, tri, mas bem capaz e ainda tem muitas outras #VideoShowAoVivo",neutro
1992,Sophia está lindinha. #videoshowaovivo,positivo
1993,Se eu to chorando aqui... estaria afogado nas minhas lágrimas se fosse o Serginho #AltasHoras,negativo
1994,"#MasterChefBR, o cardápio da equipe azul não está legal: frango entrada com frango prato principal? Que vença o sabor!!",neutro
1995,@user entrevistador que não corta o entrevistado 👏🏻👏🏻👏🏻 #ConversaComBial,positivo
1996,Sabem pq Monica Iozzi e Otaviano Costa davam certo no #VideoShowAoVivo ? Pq ela tomava conta e ele não tinha espaço pra ser baba ovo.,negativo
1997,Quem saiu do #MasterchefBR ? Estou sem TV em casa :v,neutro
1998,Não são nem 22h e eu já estou na sede de masterchef #MasterChefBR,positivo
1999,"MEU DEUS, NÃO POSSO ASSISTIR #MaisVoce que fomeeeee",negativo
2000,#MasterChefBR e ai? Quem ganha?,neutro
2001,@user Tá muito linda no #altashoras de hoje!,positivo
2002,@user é praticamente uma buzina com água de um fusquinha #VideoShowAoVivo,negativo
2003,Acho que dessa vez o Vitor B. Sai  #MasterChefBR,neutro
2004,"Taís é simplesmente encantadora! Cresceu muito, em todos os sentidos desde #AnjoMau  #MaisVoce",positivo
2005,Nao sei se gostei dessa tinta preto petroleo na cabeça da ana furtado. 😕 #EDeCasa,negativo
2006,Consolidados - GLOBO (11/05):  #BDSP 10.5 #BomDiaBrasil 12.1 #MaisVocê 9.0 #BemEstar 7.4 #Encontro 8.2 #SP1 13.1 #GloboEsporte 12.2,neutro
2007,Essa Ana Luisa tem vaga garantida no meu coração #MasterChefBR,positivo
2008,#MasterChefBR n acredito q o meu bb foi eliminadooooo 😢,negativo
2009,Fogaça na previa hoje #MasterchefBR ❤❤❤❤,neutro
2010,"#Encontro  Na minha opinião não faz diferença dizer negro ou preto, o que vale é o caráter da pessoa !",positivo
2011,#MasterChefBR Salvem o Vitor please!!! 😭😭😭,negativo
2012,E hoje que tem @user no #TheNoite com @user ?,neutro
2013,"Vivianne Pasmanter é tão tímida e delicada, tão fofa 😍.  #MaisVoce",positivo
2014,"Em nome de jesus, não eliminem o Victor!!!!!!!!! #masterchefbr",negativo
2015,#VideoShowAoVivo  Otaviano Costa manda um pro Tocantins...  Um abraço especial pro meu filho  Carlos Eduardo em Taipas do Tocantins,neutro
2016,São ou não são duas queridas essas moças?? Muito bom conhecer um pouquinho mais de Maiara e Maraísa❤❤ #ConversaComBial,positivo
2017,Tadinha da minha Yuko #MasterChefBR,negativo
2018,Carol 😅😅😅😅😅 homens lavem a louca #Encontro,neutro
2019,O Marcos do Belutti é uma delicinha né? #Encontro,positivo
2020,To chocado com a voz da melanie #domingolegal,negativo
2021,Vovó gosta de beber 😀 #Encontro,neutro
2022,Até que fim vai começar #ConversaComBial com @user ❤😍👏💥 #MaiaraeMaraisaNoBial,positivo
2023,Acho q vai dar ruim pro azul #MasterchefBr,negativo
2024,#Encontro de hj assunto polêmico hehehe #quandoelaémaisvelha,neutro
2025,"No põe põe, me fazendo enlouquecer #AltasHoras",positivo
2026,"Esse cabelo não ficou bom não Namaria,  n realçou o rosto não  #MaisVoce @user",negativo
2027,"Ela se recuperou bem,a perda de um filho #Encontro",neutro
2028,Hoje tem #MasterChefBR !!!!,positivo
2029,"Pelo amor Fátima, até pra fazer a pergunta vc quer mandar como vc quer a resposta!  #Encontro",negativo
2030,#VideoShowAoVivo.  Eu João Neto.,neutro
2031,Time da Cecília contra o time do Gustavo #DomingoLegal,positivo
2032,Equipe azul tá me deixando aflita #MasterChefBR,negativo
2033,IMPROPÉRIO: Atitude ou palavra utilizada para ofender. #MaisVocê.  @user,neutro
2034,a mãe do Serginho linda #AltasHoras,positivo
2035,"Não ia querer ser capitã nem a pau, cê loco bicho #MasterChefBR",negativo
2036,"#AltasHoras tem q mastigar 30 vezes, gente. Será q os chicletes tb?",neutro
2037,#Encontro sensacional o programa..parabéns,positivo
2038,#MasterChefBR #FicaYuko  Se a yuko sair eu pulo do meio-fio Que no caso é alto pra mim,negativo
2039,Vale fazer patê ou macarrão com sardinha?  #MasterChefBR,neutro
2040,"Paola tão natural, MDS, como é maravilhosa #MasterChefBR",positivo
2041,#MasterChefBR kd a taiseeeee,negativo
2042,"PT sempre disse que era a favor da democracia. Na época do governo deles, maioria queria o porte de arma e isso não foi concedido. #TheNoite",neutro
2043,@user ~ Mãe corajosa!! #AltasHoras,positivo
2044,Uma senhora de 100 anos cheia de vontade de viver e eu com menos de 1/4 da idade dela só quero dormir. #Encontro,negativo
2045,"Migos, pra quem vocês torcem no #MasterChefBR?",neutro
2046,"A música do Nabby Clifford é um pedido de liberdade  ""Dignidade sem escravidão"" ""Brasil é liberdade"" #Encontro",positivo
2047,Nossa que dó do Vitor Bourguignon D: eu quase chorei junto #MasterChefBR,negativo
2048,Estou eu assistindo o #VideoShowAoVivo quando passa uma cena de rockstory e eu percebo q uma das figurantes é uma colega de faculdade!kkkkkk,neutro
2049,O Tiago Liefert te avisou migooooo #encontro,positivo
2050,@user não acredito q colocaram 2 blogueiras p/esse quadro de moda no #VideoShowAoVivo ao invés de colocarem a @user que pena 😢,negativo
2051,Sardinhada 😂😂😂😂😂😂😂 #MasterChefBR,neutro
2052,Ansiosa pelo #MasterChefBR,positivo
2053,VAI SE FUDER TÔ PUTAAAA ESSA MIRIAN RIDÍCULA SE FODE #MasterChefBR,negativo
2054,Pelo menos n tão perdendo de disparada igual o azul perdeu das outras vezes #MasterChefBR,neutro
2055,Vitor meu coração é seu #MasterChefBR,positivo
2056,Eu preciso que Mirian saia. Que mulher chata parece as tia abusada da vizinha #MasterChefBR,negativo
2057,AE COMEÇOU  Vamo falar de política primeiro #ConversaComBial,neutro
2058,Eu queria ganhar beijo da Isis agora #Encontro,positivo
2059,Qdo o Playback não dá certo. É o Tchan! #AltasHoras,negativo
2060,falei pra vcs que o vermelho mentou um time melhor #masterchefbr,neutro
2061,#VideoShowAoVivo AAAAAAAAAAA EU AMO ESSE PROGRAMA,positivo
2062,Eu já teria mandado esse mezanino pro infernooooo! Gente chata.  #MasterChefBR,negativo
2063,Léo Lins e Vera Verão shahsahsh #TheNoite,neutro
2064,"@user minha musa inspiradora do veganismo no #altashoras , adorei😉",positivo
2065,Não aguento mais a mirian #MasterChefBR,negativo
2066,A Gente daria para o Charlie Hunnam? #Thenoite,neutro
2067,Vendo esta prova me deu vontade de comer o coração de boi com cebola do meu pai! @user #MasterChefBR,positivo
2068,Veias assanhadas beijando o @user que invejaaaaa delaaa 😭 #Encontro,negativo
2069,"Muito amor pela @user 😢😢 #encontro Choro igualzinho, sou manteiga derretida mexxxmo.",neutro
2070,"que papo foda, drauzio te venero #ConversaComBial",positivo
2071,"Se a Ana Luiza ganhar,eu quero foco na cara do Leonardo. Pq quando é comentários desnecessários dele,vcs mostram    #MasterChefBR",negativo
2072,@user deve odiar o halloween que tem aquelas abóboras com carinha de mal ahahaha #MaisVocê,neutro
2073,"Gordo, magro, alto, baixo... O importante é ser feliz, e Mariana Xavier é FELIZ, e passa isso pra gente! #VídeoShowAoVivo",positivo
2074,"grande merda, hj q o vermelho perde #MasterChefBR",negativo
2075,Gripou e nao dá pra sair? Pra que sair se tem #ehotchan hoje no #altashoras?,neutro
2076,Que vestido de renda é esse que a @user está usando no #VideoShowAoVivo??? Meu reino pra saber onde compro um igual!!!,positivo
2077,#MasterChefBR manoo será q da pra alguém errar e acertar o Léo,negativo
2078,"#encontro meu filho tem 8 anos, aficcionados por games e muitas vezes ele opta pelo personagem feminino sem neuras.",neutro
2079,Dr Dráuzio dando uma aula de empatia e um pisão de humanidade na sociedade burra e preconceituosa!!! 👏🏾👏🏾👏🏾 #ConversaComBial,positivo
2080,VITOR B SAIU ONTEM DEPOIS DE TER PASSADO AQUELE SOFRIMENTO TODO DO DEDO? PUTA QUE PARIUUUUUUUUU #MasterChefBR,negativo
2081,@user  manda um beijo pra minha mamae #VideoShowAoVivo,neutro
2082,@user rei da internet #ConversaComBial😀,positivo
2083,"Sandy é tão linda, para que tudo isso de pó na cara? #Encontro",negativo
2084,sempre que eu vejo algo relacionado a campanha adote um pequeno torcedor do sport eu me emociono. #encontro,neutro
2085,#MaisVocê.  Fernanda de Freitas também é uma graça. E está muito bem na série.,positivo
2086,#MasterChefBr não terá a mesma graça sem @user. Tava torcendo pra ela 😭,negativo
2087,#MasterChefBR Alguém sabe se tem algum convidado especial na prévia,neutro
2088,Gosto da sexta a noite e do do sábado  #Encontro,positivo
2089,Pq Raul Ainda existe no #MasterChefBR ????,negativo
2090,Ele conseguiu AAAAAAAA #MasterChefBR,neutro
2091,H O J E É D I A D E M A S T E R C H E F B E B Ê #MasterChefBR,positivo
2092,É difícil shippar a Paolla com o Joaquim e ver uma situação dessas com eles separados #VideoShowAoVivo,negativo
2093,Galinhada desconstruída 😂😂😂 #MasterChefBR,neutro
2094,"#VideoShowAoVivo Marinho da Bahia ligado , programa massa ....",positivo
2095,Tem uma mulher vestida de trombadinha cantando no #Encontro,negativo
2096,É hoje que a Mirian vai pra casa #SaiMirian #FicaVitorB #MasterChefBR,neutro
2097,...Aquarela do Brasil`` amoooooooo #DomingoLegal,positivo
2098,#MasterChefBR só quero dizer que chorei com a eliminação de ontem,negativo
2099,#VídeoShowAoVivo Otaviano. É maria Cristina dei segundo livro para você você fez vídeo para mlm sou eu maria Cristina sou Sua fan,neutro
2100,"Colocar muitos filhos no mundo vai muito além de ""eu quero, é meu sonho..."" #Encontro",positivo
2101,Assistindo #ConversacomBial @user tá ficando tão forte que as blusas estão ficando pequenas! Pega leve...,negativo
2102,Pq rodar d ônibus é bom. #thenoite #sbt,neutro
2103,Mais legal que o unicórnio é a paçoca detonando a pantufa da Ana Maria kkkkk #maisvoce,positivo
2104,"#conversacombial programa cheio de mordaças com o Rodrigo Santoro, nem um nome de série ou filme estrangeiro do passado, patético!!!",negativo
2105,Daqui a pouco tem #MasterChefBR,neutro
2106,"Meu Deus, esse #Encontro de hoje está emocionante demais.",positivo
2107,como rodrigo santoro se acha #conversacombial,negativo
2108,Acho que a equipe Azul vai ganhar... #MasterChefBR,neutro
2109,Eu acho que a criança é o Nicolas Prattes #videoshowaovivo,positivo
2110,"#DomingoLegal nao faz,isso😭😭❤❤ que clipe",negativo
2111,Bial se redimindo da barriga do programa de estréia...em época de Dorian quem vaza bomba é um colunista social. #ForaTemer #ConversaComBial,neutro
2112,Daqui a pouco tem @user #MasterChefBR,positivo
2113,#MasterChefBR ta dando umas vontade de dá uns tapa na cara do LEOOO,negativo
2114,@user Essa semana eu até falei da semelhança entre ele e Fabrizio do #MasterchefBR. Coincidência? Acho que não!,neutro
2115,Ô chef bão (pedreira mode ON) #MaisVoce,positivo
2116,QQ ACONTECEU BRASEL? #MasterChefBR,negativo
2117,O Léo é o Leão Lobo do programa #MasterChefBR,neutro
2118,Fiquei arrepiada vendo @user dançando dirting dance no #Maisvocê 😍,positivo
2119,Quem é o folgado que tá na rede ? Rs #EdeCasa,negativo
2120,Daqui a pouco vai começar #MasterChefBR,neutro
2121,#EDeCasa com esss frio + um cafe bem quente&amp;&amp;*$$,positivo
2122,#AltasHoras apareceu o índice de morte na minha cidade tô muito assustado #BelemPedePaz,negativo
2123,"#VideoShowAoVivo a globo bem que poderia reprisar Lampião, para homenagear o nosso Nelson Xavier.😢",neutro
2124,"""Todo amor de mãe é inacabado até o último suspiro."" Lindo! #Encontro.",positivo
2125,#MasterChefBr imagina eu de boa saindo do trabalho e dando de cara com o Fogaça kkkkkkkk socorro,negativo
2126,Você percebe que rico é rico de verdade. Quando vê a #AnaMariaBraga descobrindo como sai o vapor e a água de um ferro. #MaisVoce,neutro
2127,Mto bom o programa! #ConversaComBial @user 👍📺,positivo
2128,"Ana Maria  "" Quem sabe não ganho uma peruca já que  vc não comeu abóbora ""  hahaha. #MaisVocê. #Viva",negativo
2129,TENSA TO EU MEU AMOR #MasterChefBR,neutro
2130,E depois Yuko diz q ela va utilizar  penis..que mulher #MasterChefBR,positivo
2131,esse chef é um sapão né #MasterChefBR,negativo
2132,Não estou sabendo lidar que vai ser aquarela  #DomingoLegal,neutro
2133,#VideoShowAoVivo hoje tá muito bom 👏👏👏 #VídeoShowComSophia,positivo
2134,"O cara falar que se a mulher trabalha, problema dela, ela que pague a empregada. Gnt, gnt. Educação é tudo. Coitada dessa mãe 😞 #encontro",negativo
2135,Camisa do @user me lembrando a Ms. Marvel -q #VideoShowAoVivo,neutro
2136,A força do do Querer .A melhor novela. Todos estão de parabéns. #VideoShowAoVivo  @user  E @user,positivo
2137,Já pensou @user faz agt passar por aquele sufoco semana lassada pra ser eliminado hoje??? Deusmelivre!!!!!! #MasterChefBR,negativo
2138,"""Não é bonito, mas é bom"". Esse sou eu mesmo #masterchefBR",neutro
2139,"#ConversaComBial, até que enfim um excelente programa de entrevistas na TV aberta. 👍",positivo
2140,Essa abertura era bem legal  #TheNoite,negativo
2141,Tem sal grosso e Arruda pra benzer a cozinha do #MasterChefBr?,neutro
2142,Rei Arthur... só vem ni mim! #TheNoite,positivo
2143,meu deux o que é essa eliminação do #MasterChefBR os mais queridões Yoko e Vitor B. 😥,negativo
2144,@user que saudade de comer maniçoba que deu assistindo o #MasterChefBR!,neutro
2145,Mr catra é foda dmais #TheNoite,positivo
2146,Ñ me conformo! O #AltasHoras é uma farsa. Ñ é altas horas. Vtnc!,negativo
2147,É SIM! Kkkkkkkkkkk @user #ConversaComBial #MaiaraeMaraisaNoBial,neutro
2148,"Filho de Serginho + É o Tchan = ÇOKOOOOOOOORROOOOO!!!!  💓💓💓💓💓  Zero maturidade, pra criança extraordinárias!!!! #AltasHoras",positivo
2149,#DomingoLegal mãe falsa. se tinha como matar ele ñ é tão coitada. Desnaturada,negativo
2150,Que trem é isso no #VideoShowAoVivo 😱😂,neutro
2151,#VideoShowAoVivo Kkkk ahhh eu morro com esse Veras dando uma de doido!! Amo esse cara!,positivo
2152,#MasterChefBR to quase chorando,negativo
2153,#MaisVocê será q Viviane vai recusar o frango?,neutro
2154,Quero um pijama desseeeee #MaisVoce,positivo
2155,não tem pra quem torcer nessas horas #MasterChefBR,negativo
2156,Azul n pode perder socorro  #MasterChefBR,neutro
2157,Região NORTE eu te VENERO 💖 #MasterChefBR,positivo
2158,Eu com um Leo desse nem saia de casa #TheNoite,negativo
2159,@user Gostaria muito de ver a participação do lucio mauro filho no #Encontro,neutro
2160,"#Encontro  Fico toda emocionada com histórias de adoção. Simplesmente mexe comigo..oh, Deus, dai-me a dádiva de adotar o amor! 😭💙",positivo
2161,Já tô chorando aqui com qualquer que seja o resultado #MasterChefBR,negativo
2162,o cara de preto ali fazendo t o d a s as coreografias do tchan #AltasHoras,neutro
2163,#VideoShowAoVivo  ela tá ficando hoje heiin❤😍 @CentralSophiaOn,positivo
2164,"""Luís Felipe tem 16 anos...."" GENTE PARECE TER 20 #ALTASHORAS",negativo
2165,Vai ser agora a entrevista do ALIEN no #TheNoite,neutro
2166,"Ingrid Guimarães tá maravilhosa em #NovoMundo !!! Elvira é má, as vezes é boa e engraçada ao mesmo tempo !!! #VídeoShowAoVivo",positivo
2167,o programa acabou e ninguém tomou um tacacá #MasterChefBR,negativo
2168,Aí que nervoso! #MasterchefBR,neutro
2169,O samba é resistência sem fim. Que aula! #ConversacomBial,positivo
2170,se a ana luiza sair eu paro de ver de vez nam que urucubaca #MasterChefBR,negativo
2171,"gente, só fazer um arroz de whey temperado com creatina e de sobremesa um pote de pasta de amendoim da PowerOne q tá td certo #MasterChefBR",neutro
2172,Meus favs estao todos la em cima!  Gracas a Deus! #MasterChefBR,positivo
2173,"#MasterChefBR no H&amp;H É increditável que ""amadores"" - pessoas comuns, sintam-se atrapalhados com sardinhas ... peixe comum e barato",negativo
2174,@user dançando e imitando é muito engraçado! 😂 senhor #TheNoite #Maluma,neutro
2175,ESSE FILHO DO SERGINHO QUE COISA MAIS FOFA DO MUNDO #AltasHoras,positivo
2176,Só intelectual discutindo a corrupção no Brasil! Kkkkkkkkk #Encontro,negativo
2177,Eu faria um pão com sardinha e mostarda #MasterChefBR,neutro
2178,Hoje tem #MasterChefBR e toda torcida pro Valter Herzmann... Quem mais vem comigo? #florianopolisnomasterchef #teamvalter #manézinhodailha,positivo
2179,#Encontro @user causando emoção em plena sexta-feira chuvosa... Chorando junto com o Cb Theodoro @user @user @user,negativo
2180,"Mas se o Victor for desclassificado  por não  ter entregue o prato, ainda tem  eliminação?  #MasterChefBR",neutro
2181,@user  de unicórnio kkkkkkkk amei Ana vc é a melhor kkkkkkkk #MaisVoce #anacornio 😂😂😂😂,positivo
2182,Eu não consigo imaginar nada além de sardinha frita e só. É impossível sair um prato masterchef de uma sardinha. 😟😟😟 #MasterChefBR,negativo
2183,apareceu no BaVi mas foi como torcedora do Vitória #AltasHoras,neutro
2184,Apaixonada pelo filho do @user que lindooooooooo #AltasHoras,positivo
2185,#Encontro A corrupção está espalhada pelo mundo realmente. Mas daí comparar a nossa corrupção com a do povo japonês já é demais né? #ainao,negativo
2186,RODADA DA NOITE Hoje Nível ThrashMetal mano kkkkkkkkk hoje tá muito loco kkkkkkkkkk  #THENOITE @user,neutro
2187,Arrasaram cantando Elis @user #ConversaComBial,positivo
2188,Vou dormir depois desse tombo que o #MasterChefBR  me deu hj.,negativo
2189,Cumpadi Washignton e Beto Jamaica são o Bud Spencer e Terrence Hill da Bahia... #AltasHoras #Éotchan,neutro
2190,Q raba esse moço q ta pulando de bicicleta agora no #maisvoce tem ein 👏👏👏👏,positivo
2191,"Aí gente, como que deixa sair um desses? #MasterChefBR",negativo
2192,Na vida eu sou o budog #EDeCasa,neutro
2193,"Tenho paixão pelo trabalho e encanto pela beleza, mas cada entrevista do Santoro me deixa mais admirador do homem Rodrigo. #ConversaComBial",positivo
2194,todos os meus favoritos na prova de eliminação #MasterChefBR,negativo
2195,"... Lá em casa, minha vó, mãe, tias, compravam bastante sardinhas frescas por ser barato e as em lata vinham na cesta básica. #masterchefBr",neutro
2196,Augusto Cury é o cara😉 entrevista myito boa do #ConversaComBial,positivo
2197,"Mano Vitor, tá muito feio! Decepção. #MasterChefBR",negativo
2198,Teve até desfile haha! @user #masterchefbr,neutro
2199,Morrendo de amores pelo @user no programa do @user. #TheNoite,positivo
2200,MIRIAN CHOORANDO PELA PROVA PASSADA #MasterChefBR,negativo
2201,#encontro o rapaz do casal (com diferença de idade) parece demais o Johnny Deep.,neutro
2202,a cada episódio q passa Fabrizio continua um gato ne 😏 #MasterChefBR,positivo
2203,Traz o @user e tira a Mirian Pvr    #MasterChefBR,negativo
2204,#Nasecaeu tá pra parar de colocar número escrito kkkkk #MasterChefBR  #vipdirecto  #NewNBATeams  #Mafiasdvsertrouxae!  #MafiaSDVaqueleDiaQ,neutro
2205,A maior e melhor cantora que você respeita @user no @user. #SandyLeah #Encontro #SandynoEncontro,positivo
2206,Imagina que insuportável ter de dar de comer pra uma gente que calcula CADA CALORIA que come? Jesus... #MasterChefBR,negativo
2207,É O NICOLAS PRATTES @user #VideoShowAoVivo,neutro
2208,Baixa caloria? Frango desfiado e salada. Tá ótimo  #MasterChefBR,positivo
2209,"Aí que agonia essa Marian, meu Deus do céu, mulher!! #MasterChefBR",negativo
2210,#MasterChefBR eu prefiro é comer qualquer uma kkkk,neutro
2211,"""Eu adoro fazer piquenique no TEMPRO”  haha te amo yuko #MasterChefBR",positivo
2212,"""uma mulher mais nova com um homem mais velho é normal"" normal dizer que ela ta com ele por dinheiro né? #Encontro",negativo
2213,meninas que vão acordar amanhã 05am mas tão aqui ainda me add #MasterChefBR,neutro
2214,Que amor esse @user no #Encontro ❤❤❤,positivo
2215,Vanessa da Mata acabou com a fofurice do parto da mala da Bela Gil kkkkkk #AltasHoras,negativo
2216,"Ontem 18/05, o #VídeoShowAoVivo consolidou a liderança isolada com 13 de média em SP 👏",neutro
2217,fátima bernardes maravilhosa no #VideoShowAoVivo,positivo
2218,"Alô NET, voces tão fora do ar?! Arrumem por favor que eu quero assistir #MasterChefBR hojeeee",negativo
2219,Poquê que Namaria Braga tá com fantasia de coelho no #MaisVocê?,neutro
2220,#MasterChefBR Hummm deu vontade de comer uma sardinha com pãozinho kkk partiu abrir uma latinha! 😁,positivo
2221,Pq o programa não ta ao vivo? @user  #MaisVocê,negativo
2222,Você comeria a abóbora da Ana Maria Braga? Kkk  #maisvoce #taisaraujo  @taisdeverdade @MaisVoce_Globo  @ANAMARIABRAGA  @RedeGlobo,neutro
2223,Mr Catra dando um show no The Noite ! Falando da política no país 👏 #TheNoite @user @user,positivo
2224,"Se alguém me fala que é termogênico, eu devolvo o prato na hora #MasterChefBR",negativo
2225,"""Parece meu pai me emprestando o carro"" REAL OFICIAL #MasterChefBR",neutro
2226,Ai eu me derreto todinha com a Paola😭😍 #MasterChefBR,positivo
2227,#AltasHoras assistindo o programa com uma cx de lenços ao lado! Haja❤😢,negativo
2228,"""- Os amigos de Fogaça tao tudo ai""  #MasterChefBr",neutro
2229,Legal está prova tomara que tenha mais #DomingoLegal,positivo
2230,ALGUÉM POR FAVOR ELIMINA A MIRIAM E FAZ MEU VITOR B VOLTAR #MasterChefBR,negativo
2231,"Ana Luiza e Vitor B no mesmo time, eu quero #MasterChefBR",neutro
2232,Srta Iozzi no #VideoShowAoVivo foi que pedi mesmo! 😍😍,positivo
2233,Não era pro Doug ter saído #MasterChefBR,negativo
2234,Só vai #FicaYuko #ficavitorB #MasterChefBr,neutro
2235,@user Muito bom!! #MaisVocê,positivo
2236,"#Encontro esse cara aee realmente mnw a tua mae nao te ensinou o q e ser homem...se tu lavar louça ou limpar ksa , vai te fazer menos homem?",negativo
2237,"Yuko ""  "" O pênis. estava duro. ""   "" Vou cozinhar celebro e fígaro ""  hahaha. #MasterChefBR",neutro
2238,"@user dançando ""funk gospel"" HAHAHAHA, Chorei! 😂 #TheNoite @user @user.",positivo
2239,"Um Pais que tem cotas para concursos e ou entrar em faculdade, não podemos considerar racismo? #Encontro",negativo
2240,O cabelo arrepiado kkkkk 😂 #videoshowaovivo,neutro
2241,A Sophia vai dançar Carimbo gente aaaaaaaa amo essa mulher no #VideoShowAoVivo  #SophiaNoVídeoShowAoVivo,positivo
2242,Chorando muito com essa história de adoção tardia #encontro,negativo
2243,Namaria queimou o dedo ao vivo? Foi isso mesmo que eu vi? KKKKKKKKK #MaisVoce,neutro
2244,Eu gosto da Namaria com esse look Record 1996. #MaisVoce,positivo
2245,#MasterChefBr ALGUÉM POR FAVOR ENFIA UMA SARDINHA NA BOCA DO LEO PRA ELE PARA DE FALAR MERDA!,negativo
2246,@user dançando no #Encontro me lembrou o pedro no bbb 😂😂😂,neutro
2247,Muito maravilhoso esse Dr. Dráuzio Varela! ❤ #ConversaComBial,positivo
2248,"#encontro essa chata da sandiléia,,,,,,,,,,,,,,,,",negativo
2249,#MasterChefBR será que Leo ganha hoje??!  kkkkk,neutro
2250,#altashoras vários boyzinhos na plateia do altas horas,positivo
2251,QUE AFLIÇÃO mas pelo menos Vitor B terminou o prato 🙌🏻 #MasterChefBR,negativo
2252,Pra servir a comida dos lutadores tem que empratar numa Tupperware #MasterChefBR,neutro
2253,E esse cabelo maravilhoso da Vanessa da Mata? #altashoras,positivo
2254,"Que quadro horrível esse do The Noite, tira isso do ar @user #thenoite",negativo
2255,#Encontro Fátima pede pro tiago mostrar a fita ...,neutro
2256,Qualquer adolescente se apaixona por mulher mais velha. João Vicente não foge à regra. É o amor platônico.   #Encontro.,positivo
2257,"@user ou @user ? Eu vou chorar,não gente,nenhum dos dois podem sair! #MasterChefBR",negativo
2258,"Oi, Vitor B, fiquei sabendo que tu come dogão. Já que és de POA posso te apresentar o que tem aqui na esquina de casQQQ #MasterChefBR",neutro
2259,A SOPHIA ESTÁ A COISA MAIS LINDA ❤ #VideoShowAoVivo  #VídeoShowComSophiaAbrahão,positivo
2260,competição entre as equipes e a única certeza que temos é que a Mirian vai problematizar com muito prazer. #MasterChefBR,negativo
2261,"#VideoShowAoVivo Na minha Terra em Belém do São Francisco, o munguzá salgado se chama ""uiuiui"". Forte abraço",neutro
2262,É dois orgulhos nessa vida. Um é a Viviane Pasmanter. Outro é fazer parte desse fandom.  PasmanterEPivaNoMaisVoce #MaisVoce,positivo
2263,Vivian n ganhou o #BBB17 Vitor B saiu terça-feira do #MasterChefBR Nadessa saiu hj do #PowerCoupleBrasil pq eu insinsto em assistir reality?,negativo
2264,@user @user @user Bom dia Xande #Encontro,neutro
2265,A @user tá muito linda e divertida no #VideoShowAoVivo  #SophiaNoVideoShowAoVivo,positivo
2266,ain.. essas histórias de adoção.. 😭 #encontro,negativo
2267,"Real Time - São Paulo às 11h54: Globo 9.8, SBT 6.6, Band 3.3, Record 3.0 #Encontro #HojeEmDia",neutro
2268,Vendo o lindo do @user  no #TheNoite  😍,positivo
2269,Não entendo essas mesas e sofás desconfortáveis em programas de entrevista? #ConversaComBial,negativo
2270,"depois que é ungido por deus, derruba até satanás 🎵  #TheNoite",neutro
2271,Adoro a @user e  principalmente seu cabelo #VideoShowAoVivo,positivo
2272,"Eu acho a palavra ""negro"" tão bonita! Que pena que está no meio de tanta discussão e de tanto preconceito besta!  #Encontro",negativo
2273,"@user pra @user: ""Eu não tô apreensiva, mas se você começar a falar, pode ser que eu fique!"" 😂😂😂😂😂😂😂😂😂😂 #MasterChefBR",neutro
2274,#MasterChefBR Já estou aqui ansiosa pra assistir. 😬😬😬😬😬,positivo
2275,"Um dia a mãe dele não estará mais aqui, provável q depois de hj não casa mais. Se não tiver $$ pra empregada esse cara morre. #encontro",negativo
2276,Consolidados - SBT (14/05):  #Chaves 4.2 #MundoDisney 4.5 #DomingoLegal 4.2 😂 #Eliana 5.3 #RodaARodaJequiti 7.7 #ProgramaSilvioSantos 9.0,neutro
2277,Já estou no aguardo! 😁 #MasterChefBR,positivo
2278,#VideoShowAoVivo. A pior vilã dos desenhos animados está hoje no programa,negativo
2279,Direto do túnel do tempo #VídeoShowAoVivo,neutro
2280,Essa menina sou eu na vida hahahaha #Encontro,positivo
2281,Cara fraco demais essa produção das expressões paraenses!!! #VideoShowAoVivo,negativo
2282,"""Joinha"". Sacanagem né @user , só porque ele tava sem meio dedo kkkkk #MasterChefBR",neutro
2283,Guilherme Arantes só tem hino #Encontro,positivo
2284,SAI MIRIAM #MasterChefBR,negativo
2285,#MaisVoce nos tts = Qual o acidente dessa vez com a Ana maria?,neutro
2286,Que gracinha esse momento do Serginho #AltasHoras,positivo
2287,"Miriam e Leo falando mal do Fabrizio, esses dois sao mt detestaaaaveis bicho #MasterchefBR",negativo
2288,"Xande de Pilares é a cara do Thaíde e vice-versa, né? Haha #Encontro",neutro
2289,✨ EU QUERO É SABER DO VITOR ✨ #MasterChefBR,positivo
2290,MEU TIME NÃO PODE TER PERDIDO 😭 #timeazul #masterchefbr,negativo
2291,"Quem aparece no clipe do Guilherme Arantes, é a Totia Meireles #VideoShowAoVivo",neutro
2292,#VideoShowAoVivo   Boa tarde 🌸Fátima  Bernardes  linda! @user,positivo
2293,O @user não vai ter problema em fazer filme de terror depois de hj 😂😂😂😂😂😂😂😂😂😂😂 #TheNoite,negativo
2294,Date é um upgrade do Crush #MasterChefBR,neutro
2295,Esse negócio do 1 de abril lembrei da Tata pegando o Carlinhos no multishow 😂😂😂😂 #VideoShowAoVivo,positivo
2296,#MasterChefBR  Ai eu só sei que perdi o programa quando entro no twitter e vejo o top .😢,negativo
2297,Tchau Victor B. É obvio que vc vai sair. #MasterChefBR,neutro
2298,A Sophia do nada abri um sorriso sincero é a coisa mais linda que eu já vi  #VídeoShowAoVivo,positivo
2299,miriam tem fazendo hora extra no programa já #MasterChefBR,negativo
2300,@user Parece o Nicolas Pratte é o Zac? ❤️ #VideoShowAoVivo,neutro
2301,#EDeCasa já começa bom com Roberta Sá ❤,positivo
2302,"A maquiagem da Ana Maria hoje tá parecendo que foi eu que fiz, horrível! #MaisVoce",negativo
2303,"Já, já 📺 #NasNovelasDaNoiteSBT #CarinhaDeAnjo125😍 #Chiquititas174💙 Logo mais: #ProgramaDoRatinho  #TelaDeSucessos #TheNoite  @SBTonline.",neutro
2304,Diário de gravação com a grande atriz Viviane pasmanter !!! Germana em #NovoMundo #VídeoShowAoVivo,positivo
2305,Namaria tá me assustando  #MaisVoce,negativo
2306,Meu pai tá na tv #TheNoite,neutro
2307,#VideoShowAoVivo esse programa é demais com esses dois ao vivo... vocês podiam mostrar os bastidores DO VIDEO SHOW NÉ.. #CURIOSO KKK,positivo
2308,"Aprendam, enviar vídeo ou fotos pode ser também crime #Encontro",negativo
2309,Eu vou torcer pra metade da repescagem desse jeito #MasterChefBR,neutro
2310,#VideoshowAovivo essa bruna e uma gata,positivo
2311,"Adorava essa série As Brasileiras, a globo já não faz mais séries como antes  #VideoShowAoVivo",negativo
2312,@user Pede para ele no twitter! 😉👍 fala que vc quer dar uma entrevista no #TheNoite.,neutro
2313,Ops. Tem Padre Fábio no #conversacombial,positivo
2314,"É sério que Bial, Tony Belloto e Augusto Cury estão romantizando a ansiedade? Vi 10 min do programa e ouvi cada besteira. #ConversaComBial",negativo
2315,Arqueiro Verde #MaisVoce Signal Indianápolis,neutro
2316,Se eu to chorando com essa homenagem a mãe do @user? Tô e não é pouco. #AltasHoras,positivo
2317,Desde quando cuscuz passado da para comer?? #MasterChefBR.,negativo
2318,Quem não tem esses Fantasmas da mente 👻  #ConversaComBial,neutro
2319,"Vivendo e aprendendo, enfrentar os medos e procurar ajuda é sempre a melhor maneira. #ConversaComBial",positivo
2320,Genteee a Ana Furtado é zero carisma #EDeCasa,negativo
2321,#VideoShowAoVivo  É o Nicolas Prattes!!!,neutro
2322,E a vontade de comer essa massa! Socorro! #MasterChefBR,positivo
2323,"Léo e Miriam no mesmo time, já torcendo pra terem ZERO votos! #MasterChefBr",negativo
2324,É Hoje Bebel 👩🏽‍🍳👨🏽‍🍳 #MasterChefBR,neutro
2325,"Você que só critica Augusto Cury, o que vc fez ou tem feito pela saúde mental e emocional do país e do mundo? #ConversaComBial #AugustoCury",positivo
2326,"Quero um simpatia pra #robertocarlos me receber no camarim. Fui  show aqui, e nao deu certo mesmo estando bem pertinho dele #videoshowaovivo",negativo
2327,"#encontro ""o que você tem de mais segreto no seu celular"" - meus nudes kkkkkkkkkkk",neutro
2328,Elas Por Elas daria um remake luxo. #VideoShowAoVivo,positivo
2329,"Catra e a Inês Brasil n tem cmo levar a sério, tem q levar p uma clínica e pra uma escola #TheNoite",negativo
2330,MDS DO CÉU BERG #MasterChefBR,neutro
2331,Victor B não ouse sair hoje!! Eu te venero  #MasterChefBR,positivo
2332,SOCORRO QUE NERVOSO VAI TOMAR NO CU #MasterChefBR,negativo
2333,"#AltasHoras a Bela Gil no clip de rala ralando o tchan, aê. Rala ralando o tchan",neutro
2334,Já acabou ?? Dava pra fazer um programa inteiro com elas poxa !!! 😏😪😂💙 #EDeCasa,positivo
2335,"Ai, odeio sardinha. #MasterChefBR",negativo
2336,Triste pelo Victor mas feliz pela YUKO #MasterChefBR,neutro
2337,#altashoras adorando o menino dançando as músicas,positivo
2338,Mais um grande ator que se vai! #NelsonXavier #RIPNelsonXavier #DescanseEmPaz #VideoShowAoVivo,negativo
2339,#ConversaComBial E BEBO DOBRADO OUVINDO UM MODAO,neutro
2340,HAHAHAHA Bela @user ralando o tchan no clipe que da hora!!!!!! #AltasHoras,positivo
2341,"#MaisVoce O FGTS não é descontado do funcionário. Se informem. A obrigação é apenas da empresa, que deve recolher.",negativo
2342,Ana Maria sendo gente como a gente. Chama a visita pra almoçar e ela não gosta da comida! #MaisVoce,neutro
2343,"@user é muito rock'n'roll, sensacional, me encanta!!!! #Encontro",positivo
2344,"Quando fala que ""a coisa tá preta"" é em referência as trevas e escuridão. Aí tem gente que vem com essa de racismo. #Encontro",negativo
2345,Tem Amazônia Ilegal? Ou Amazônia Chata? #MasterChefBR,neutro
2346,Essa atriz tá falando o que todos sabem sobre a Sandy ..rs #Encontro,positivo
2347,Imagino o quão contrariada Alice estava ao se casar com Vitor! #OsDiasEramAssim #VídeoShowAoVivo,negativo
2348,#MasterChefBr quero ver o fogaça cozinhando,neutro
2349,Quem é aquele na plateia fazendo todas as coreografias do É O Tchan no #AltasHoras Razô bee!!!,positivo
2350,"@user @user @user Essa mídia golpista adora um anúncio do governo ilegítimo , até no #MasterChefBR, né não?",negativo
2351,"casa com a ""mamãe"" então kkkkkkk #encontro",neutro
2352,TÔ MORTO COM A BELA GIL NO CLIPE DO E O TCHAN! HAHAHAHAHA #AltasHoras,positivo
2353,"Não vai ter douglas hoje, esse não é meu mundo #MasterChefBR",negativo
2354,#VideoShowAoVivo na mnh terra é dindim haha,neutro
2355,"Galera a ""pepeca vai chorar"" no #thenoite @user só animadoooo...kkk",positivo
2356,"Esse cara acha que é humorista, mano? #AltasHoras",negativo
2357,"#Encontro.  Tá tudo azul, com essa moça.  Hahahaha!",neutro
2358,"#encontro @user é muito massa. Que poesia linda, cara! #PoesiaComRapadura",positivo
2359,"Qualquer um que saísse no time vermelho eu ficava sussa, mas do time azul, tô bad! #MasterChefBR",negativo
2360,"SEGURA O TCHAN,AMARRA O TCHAN #AltasHoras",neutro
2361,Realmente tesão não mata! Sobrevivi ao ver a @user cozinhando na cozinha do #MasterChefBr ... 😍😂,positivo
2362,Lá vai a Bela Gil  cagar pela boca! Aff mulher medonha! #AltasHoras,negativo
2363,meu prato seria miojo com sardinha e vcs #MasterChefBR,neutro
2364,Começou o #TheNoite com o Charlie Hunnam,positivo
2365,#ConversaComBial cadê a rashtag na tela do programa???,negativo
2366,"FGTS não é ""descontado"" do salário da pessoa, #MaisVocê",neutro
2367,O Jair Oliveira (@user) contando que uma vez um bêbado o confundiu com o Renato Russo. HAHAHA 😂 #TheNoite @user @user.,positivo
2368,"Meu jesus, sardinha enlatada por 20 anos!? 😨 #MasterChefBR",negativo
2369,Após #TheNoite tem @user no comando do #sbtnoticias com as principais notícias do Brasil e do mundo! #NãoPercam! #RT?!,neutro
2370,"@user já era meu favorito, agora... #masterchefbr",positivo
2371,"Mirian, vem ser escrota aqui fora #MasterchefBR",negativo
2372,Voltou o Buiu!!! #TheNoite,neutro
2373,#PoesiaComRapadura no #Encontro!  Sou fã desse poeta! @user,positivo
2374,Bruxa solta no #MasterChefBR,negativo
2375,Se cadeia é tão ruim pq a galera vive correndo atrás de um PASSE #ConversaComBial,neutro
2376,Moooooortaaaaaa kkkkkkkkkkk @user #ConversaComBial #MaiaraeMaraisaNoBial,positivo
2377,"O ️dono da JBS gravou o Michel Temer querendo comprar o silêncio de Cunha. HAHAHAHAHA 😂👌 Chupa Temer, agora vc está ferradoooooo!  #TheNoite",negativo
2378,"Semorou, mas o Silvio conseguiu casar a Patricia rs #DomingoLegal",neutro
2379,Lindo tema do #Encontro,positivo
2380,"o ruim de passar #PowerCoupleBrasil na terça,é q também passa #MasterChefBR,dai tem q ficar com olho gato é outro no peixe,como diz o ditado",negativo
2381,"Oi produção @user! Com TANTO cozinheiro BOM eliminados do #MasterChefBR, que tal uma edição #MasterChefBRAllStar?No aguardo. obg dnd",neutro
2382,A linda da @user no #AltasHoras 😊 O programa tá show!,positivo
2383,"Não aceito, vamos fazer a prova de novo até o time azul ganhar  #MasterChefBR",negativo
2384,Ja que é pra tombar....tombei ...#VideoShowAoVivo,neutro
2385,"Nando Reis e João Vicente ❤️, realmente esse foi um dos melhores #Encontro",positivo
2386,"Esse Léo é chatinho, hein. #MasterChefBR",negativo
2387,"Cara, a moça q está fazendo a  grana no #edecasa deve ser prima da #tati kkkkkkk",neutro
2388,Aí vc espera um pgm com risada e putaria com o @user no #TheNoite com @user e assisti uma aula de política hahahahahahah,positivo
2389,Só eu achei a Vanessa da Matta antipatica ? #altasHoras,negativo
2390,tamo aqui vendo o #TheNoite,neutro
2391,In Love com VideoShow Risadas garantidas com o @user &lt;3 #VideoShowAoVivo,positivo
2392,"Cês leram a nota da @user no Instagram? Pessoas parem, apenas parem! #masterchefbr",negativo
2393,Os caras estão comendo sem camisa?! #MasterChefBR,neutro
2394,"Se tem um representante da minha religião que traduz tudo o que penso, esse homem é @user!! Tá dando aula no #ConversaComBial",positivo
2395,Essa gay não sabe ganhar nem um ímpar ou par. Misericórdia que fracasso de LGBT #masterchefBR,negativo
2396,"Quem quer um macarrão com pós balada do Vieira? Sardinha de entrada, o principal eh a Vieira... 😎 #MasterChefBR",neutro
2397,Aí meu coração. Vai #timeAzul #MasterChefBr,positivo
2398,"@user A Ana Paula nesse programa só serve pra fazer contagem regressiva, e nem isso ela faz direiro.😝#masterchefbr #calabocaana",negativo
2399,Rafael falando de quando vendia pão kkkkk #VideoShowAoVivo,neutro
2400,#ConversaComBial !!! Sensacional! Programas como #CQC #JO #AltasHoras #SaiBaixo #CassetaPlaneta #EscolinhaRaimundo #EmPauta não podem acabar,positivo
2401,É triste saber que em pleno séc XXI ainda encontra-se homens assim #Encontro,negativo
2402,#MasterChefBR Quem é o maior embuste dessa edição,neutro
2403,#TeamAzul tá toooooop meu amor #MasterChefBR só faltou o @user  no time ❤,positivo
2404,"Assistindo o #encontro , bateu aquela saudade da mamãe , abraço dela o castigo dela e o amor de sempre , coração apertado",negativo
2405,@user hoje as duas equipes estão na luta agora basta saber qual será nocauteada. #MasterChefBR,neutro
2406,Q cara maravilhoso #TheNoite,positivo
2407,#videoshowaovivo Que palhaçada é essa meu povo. Vcs já falaram ontem que seria Fátima Bernardes...,negativo
2408,"Além do prefeito do município, Joares Ponticelli, e o vice, Caio Tokarski. #AgoraéTubarao #conselheiros #encontro #gestao #catubarao",neutro
2409,O inglês da @user é perfeito demais! #DomingoLegal,positivo
2410,@user O cocô do Lula já espirrou aí no PT? É que na verdade o Lula pediu adiamento da audiência pq se cagou todo de medo! #TheNoite,negativo
2411,"Quando nossos recursos chegam ao fim, os recursos de Deus estão todos disponíveis.#SextaDetremuraSDV #MaisVoce #NoisEhFeioMais",neutro
2412,@user Já estou aqui vendo o Willian Waack só esperando o Bial chegar com elas Maiara e Maraisa #ConversaComBial Não perderei.😘,positivo
2413,"#MasterChefBR Até aqui o melhor ep da temporada, pena a Miriam não ter saído! 😒",negativo
2414,O que a Dilma tá fzd no programa ? #Encontro,neutro
2415,Eu tô arrepiada canta muito   #DomingoLegal,positivo
2416,Canja com óleo de coco? Quem já viu isso #MasterChefBR,negativo
2417,Todo mundo correndo na cozinha e Paola relaxada como se tivesse fritando um ovo #masterchefbr,neutro
2418,"Eu: vou dormir cedo que terei uma manhã cheia! Também eu: aí meu deus, hoje tem #MasterChefBR",positivo
2419,Eu sou a Fernanda Freitas total! Suo mais que tampa de marmita.. Que ódio #MaisVoce,negativo
2420,"Eles morrem de rir tb,taquem falha nossa de Novo Mundo,por favor. #VideoShowAoVivo",neutro
2421,Está maravilhosa com esse look @user #VideoShowAoVivo,positivo
2422,"Pessoas que gravam video com a #AltasHoras, por quê?",negativo
2423,Aqui no Maranhão é geladinho #VideoShowAoVivo,neutro
2424,"Essa ""gordosa"" Linda, alta e elegante, tem que ser a Claudia Raia maravilhosa! #VideoShowAoVivo",positivo
2425,Ana Luiza não brinca comigo eu sou cardíaca #MasterChefBR,negativo
2426,#MasterChefBR imagina o desespero o programa todo sem poder falar que vc ta na final ou foi eliminado?,neutro
2427,Charlie Hunnam agora no #TheNoite. Vem gnt,positivo
2428,Augusto Cury no #ConversaComBial falando sobre ANSIEDADE. Já vi que vou achar pequeno o tempo do programa. hoje aff,negativo
2429,Querem evitar ser vítima de abuso. Mas e cm se evita q novos abusadores surjam? Ser um abusador tem uma causa. Temos q trata-la!!  #Encontro,neutro
2430,#Encontro Melhor progama do momento,positivo
2431,Hoje a Fátima Bernades tem um ENCONTRO mascado no #VideoShowAoVivo,negativo
2432,"Orquídea lembra o filme da Anaconda e a orquídea sangrenta, tipo..  #encontro",neutro
2433,#AltasHoras dos mais legais de todos os tempos! :DDD #top,positivo
2434,"DESCULPA GENTE, MAS BATEU UMA SAUDADE ENORME DO @user E A EQUIPE DO VICTOR TA INCOMPLETA SEM A RAINHA #MasterChefBR",negativo
2435,"#EDeCasa ele é mais baixo, logo o Centro de Gravidade fica próximo ao chão então fica mais difícil cair",neutro
2436,Deu vontade de Tomar Milk Shake 🍨♥️ #MaisVoce @user,positivo
2437,@user Achei deselegante o que fez com a Thais Araújo. #MaisVocê,negativo
2438,"Pode entrar, MARISA, E MARAIARA #ConversaComBial",neutro
2439,Elogiaram o prato então a @user tá salva!! 👏👏👏👏 #MasterChefBr,positivo
2440,"Não tira meu Vitor B, pelo amor se deeeeeeus. #MasterChefBr",negativo
2441,#Masterchefbr hoje eu to dividida pra que time torcer #vermelho #azul,neutro
2442,ESSE DE CASACO AMARRADO NA CINTURA DANÇANDO SOU EU DEMAIS #AltasHoras,positivo
2443,EU NAO ACREDITO QUE O AZUL PERDEU NAO ACREDITO #MasterChefBR,negativo
2444,Drauzio Varella dizendo que teve mulheres pacientes no presídio com 28 anos com 10 filhos #ConversaComBial,neutro
2445,@user cantando nossa musa eterna #elisregina no #ConversaComBial,positivo
2446,o azul ta se enrolando AH NAO #MasterChefBR,negativo
2447,Tô ansioso por hoje. Será que o leonardo sairá? #MasterChefBR,neutro
2448,#ConversaComBial  trabalho c presos é uma experiência única e rica em conhecimento das características do ser humano como indivíduo.,positivo
2449,Não acredito que vou ter que esperar... #FicaVitorB #MasterChefBR,negativo
2450,DEIXEM A MIRIAM POR ÚLTIMO POR FAVOR #MasterChefBR,neutro
2451,como canta bonito esse @user #encontro,positivo
2452,Não suporto prova em grupo. #MasterChefBR,negativo
2453,Eu não conseguiria cozinhar com todas essas pessoas olhando diretamente pra mim #MasterChefBR,neutro
2454,"Déborah, a bixa é lacradora mesmo . #MasterChefBR",positivo
2455,COMO ASSIM A EQUIPE AZUL PERDEU?? Só tem gente que eu gosto na prova de eliminação! 😭😭😭 #MasterChefBr,negativo
2456,É o Zac! #VideoShowAoVivo,neutro
2457,"@user @user Porém, o Léo não vai cair, pois ele é focado. Léo já é o vencedor. #amo #MasterChefBR",positivo
2458,#MasterChefBR ainda nem começou e nois já tá naquela de querer dar tchau pra miriam pqp,negativo
2459,A PAOLA TA MUITO EUUU #MasterChefBR,neutro
2460,Tá quaseeeee 😍 #MaiaraeMaraisaNoBial #ConversaComBial @user @user,positivo
2461,Triste demais ver que o Danilo tá tão focado assim na política e perdendo a essência dele #TheNoite,negativo
2462,.@user entrevista o elenco do filme #AlienConvenant 🎬👽😂 no #TheNoite @user @user.,neutro
2463,A Ana arrasou! Parecia a mais perdida #MasterChefBR,positivo
2464,A Miriam só não roda pq eu acho que o tal sorvete do Fernando vai ficar uma merda #MasterChefBR,negativo
2465,‶Advogado de Lula‶ ‶Na Justiça‶ ‶Nando Reis‶ ‶The National‶ ‶Two Ghosts‶ #Encontro Kiwi Zimbábue,neutro
2466,"dizem q hj é o Dia do Cozinheiro, td dia é dia, né? marcha um parabéns p/ @user,@user e @user  #MasterChefBR",positivo
2467,"Coitado de Victor! Mas se eu perdesse algo toda vez que me corto na cozinha, já estaria fora do planeta Terra. #MasterChefBR",negativo
2468,eu sou pau rodado kkkj #VideoShowAoVivo,neutro
2469,@user No primeiro dia nem sabia seu nome.. No segundo dia eu já amava vc.... Vai ganhar o #MasterChefBR,positivo
2470,Fazia tanto tempo que eu não sentava e assistia que da até aquela saudade enorme do otp junto  #SophiaNoVídeoShowAoVivo #VídeoShowAoVivo,negativo
2471,A terceira música Nem acabou eu já tô lembrando da gente fazendo amor celular na mão mas ele não tá tocando 🎶  #ConversacomBial,neutro
2472,@user tô aqui te vendo no #MaisVoce ! Lindo!,positivo
2473,Fátima fazendo a branquitude que assiste tevê matinal engolir um questionamento sobre racismo. #Encontro,negativo
2474,Eles não avisaram Pra  o entrevistado Que tem que colocar o celular no silencioso #Encontro,neutro
2475,"@user @user Opa, amei a foto nova!! Faz mais isso, entrar no tt mesmo sem ser dia de #MasterChefBR kkkk 🙈💖",positivo
2476,essa miriam do masterchef é própria definição de ser humano insuportável q não sabe conviver em grupo #MasterChefBR,negativo
2477,Fátima Bernardes tem um caso com o Doutor Fernando Gomes Pinto #Encontro,neutro
2478,Bem na hora de ver meu bb no #encontro  👑💙,positivo
2479,#MasterChefBR Leonardo mudou muito aff,negativo
2480,Respirar - @user #Encontro,neutro
2481,Que lindo a Vanessa da Mata que adotou 3 irmãos #altashoras,positivo
2482,"O programa do @user é maneiro, mas as piadinhas são péssimas. #TheNoite",negativo
2483,@user Ou talvez joana #ConversaComBial,neutro
2484,"#altashoras, Serginho estamos aqui em São Carlos, curtindo seu programa.",positivo
2485,#MasterChefBR n sei quem eu odeio mais: miriam ou nayane,negativo
2486,300mil o cachê da dupla pra dividir entre todos. Achei que fosse mais. #ConversaComBial,neutro
2487,"Maneiro esse programa do Pedro Bial, entrevista com Santoro #conversacomBial",positivo
2488,Mano do céu não acredito que perdi Charlie Hunnam no #TheNoite,negativo
2489,Cheguei! Assistir #MasterChefBR p/ entreter Pq TV p/ indignar já estou assistindo d+ #ForaTemer #ForaTodos,neutro
2490,Maluma é muito lindo! 😱😍 #vivaoslatinos #TheNoite,positivo
2491,"Tem gente que merecia só conhecer arroz e feijão, pra não fazer essas cagadas ¬¬  #maisvocê",negativo
2492,@user era pra ter colocado uma peruca 😂😂 #TheNoite,neutro
2493,"É inspirador como @user fala com alegria e amor da Dona Ana, sua mãe. #altashoras 👏🏻",positivo
2494,Odiei o resultado da prova. Torcendo pra Ana e pra Yuko se salvarem. #MasterChefBR,negativo
2495,"Dividir as tarefas de casa seria bom, trabalha ate as 20 e faz tudo sozinha.. marido tem q ter senso ai #édecasa",neutro
2496,Vai começar #altashoras com a linda da #sophianoaltashoras,positivo
2497,Primeiro o Vitor B. Do #MasterChefBR e agora Nadessa 😭😭😭😭 #PowerCoupleBrasil,negativo
2498,Hoje tem #MasterChefBR e por isso apareci aqui,neutro
2499,#VideoShowAoVivo a cara da Paola na hr q entrou ao vivo foi a melhor kkk,positivo
2500,Achei sacanagem com o Vitor B. #MasterChefBR,negativo
2501,"namorar em qualquer idade e orientação sexual tem q ter bom senso nem todo lugar da pra se pegar, mas podem sim demostrar carinho #Encontro",neutro
2502,Não eram  cavalo hahahahaha #ConversaComBial,positivo
2503,Dizer que um livro com pseudônimo de Eduardo Cunha não é puramente comercial é de um cinismo digno do homenageado #ConversaComBial,negativo
2504,Só esperando pra ver qual será a treta da Mirian hoje #MasterChefBR,neutro
2505,Viviane Pasmanter Maravilhosa no #MaisVoce,positivo
2506,Marco Luque é tipo de pessoa que apresenta o seminário e ninguém entende. #AltasHoras,negativo
2507,URGENTE: ana paula padrão pede desligamento da band dps de inúmeros agachamentos para recolher bandanas e recolocar em bonecos #MasterChefBR,neutro
2508,#masterchefbr tá ficando mto na cara que só entro no Twitter pra ver Master Cheff.. ahahaha.. amoooo,positivo
2509,"Queria tirar um cochilo, mas tô com medo de apagar e perder o #MasterChefBR 😰",negativo
2510,"#Encontro pq não faz em vez de nascimentos, falecimentos?",neutro
2511,Sienna canta bem pra porra.... #DomingoLegal,positivo
2512,"#VideoShowAoVivo fiquei ""aguarrada"" na TV achando que era a Claudia Raia 🙄",negativo
2513,Será q a Miriam vai ficar mais hulmidona agora?   #MasterChefBR,neutro
2514,Adorando esse Encontro com Fátima nessa tarde! #VideoShowAoVivo,positivo
2515,"A Sophia só é bonita, pois não tem talento algum #VideoShowAoVivo",negativo
2516,Todo mundo segurando @user  🕺🕺🕺 #AltasHoras,neutro
2517,ai mds é agora #MasterChefBR,positivo
2518,acabei de ver que meu mozão saiu do #masterchefbr ontem 😢 sdds @user,negativo
2519,#MaisVoce que é o boy gente ?,neutro
2520,"#VideoShowAoVivo Belíssima homenagem ao Nelson Xavier.  Grande ator, grande perda. Parabéns Otaviano e Joaquim.",positivo
2521,Rodrigo sumido Santoro aparecendo na tv #ConversaComBial,negativo
2522,#Sandy no #Encontro já já...,neutro
2523,Eles roubam a cena na novela! Muito bom!  #MaisVoce,positivo
2524,CHORA MESMO MIRIA SUA COBRA DO CARALHO #MasterChefBR,negativo
2525,"Alô @user , chama a @user pra trocar umas idéias no #TheNoite",neutro
2526,Catra deu uma aula de política agora. Que homem #TheNoite,positivo
2527,"Nunca quero comercial no #MasterChefBR porém hoje a #EquipeAzul,táe deixando sem ar haha",negativo
2528,já estou preparada pra assistir #MasterChefBR,neutro
2529,Ana Lídia é muuuuito fofa... Queria conhecer ela pessoalmente ❤ #EDeCasa,positivo
2530,"Torcendo para equipe azul, simplesmente pq não suporto a Mirian #MasterChefBR",negativo
2531,"#Encontro Fiquei sabendo de imã agência de investimentos em Bit cons, será verdade? Alguém já ouviu falar disso?",neutro
2532,#MasterChefBR dessa semana com altas doses de emoção!,positivo
2533,Tão bem longe de saber como os paraenses falam #VideoShowAoVivo,negativo
2534,Claudia esta uma Dilma que sabe se expressar no programa da fatima. #Encontro,neutro
2535,Unicórnio come nuvem! Hahahahaha #MaisVoce,positivo
2536,"#MasterChefBR Leonardo, seja menas",negativo
2537,#MasterChefBR  Hoje vai ter briga.,neutro
2538,A maravilhosa @user no #AltasHoras adorooooo... 😍,positivo
2539,PORRA QUE NERVOUSO MANOOOOO!!!!! #MasterChefBR,negativo
2540,Nunca tinha pensado com o Nabby 😮 #Encontro,neutro
2541,#MasterChefBR na torcida aqui  @user @user e @user,positivo
2542,O Master chef desse ano está devendo no quesito higiene. #MasterChefBR,negativo
2543,#MasterChefBR ALGUÉM POSTA VÍDEO OU GIF DELE CORTANDO O DEDO PLEASE!!!,neutro
2544,"Gente, que cena linda essa do Eugenio com a Yvana. Não tinha visto! #MaisVoce",positivo
2545,Deixa a #EquipeAzul ganhar pra que aquela chata saia! #MasterChefBR,negativo
2546,miriam tá chegando no nível fernando de vilão de masterchef #MasterChefBR,neutro
2547,Musa da seleção 😍@user ❤#FatimaBernardesNoVideoShow #VideoShowAoVivo,positivo
2548,"Depois do escândalo do Temer e Aécio, Ana Maria Braga vestida de unicórnio é a pior coisa que você vai ver hoje. #MaisVoce",negativo
2549,La usurpadora foi difícil 😂😂😂😂😂😂 #TheNoite #MalumaNoTheNoite,neutro
2550,#conversacombial eu queria dormir... Mas com @user  não tem como?!?,positivo
2551,#Encontro o negão cortou Fátima legal,negativo
2552,Bechamel com óleo de coco? #MasterChefBR,neutro
2553,Olha o #MAISVOCE com convidados todos os dias....Adoro!!!,positivo
2554,A mãe estragou o filho #encontro,negativo
2555,Preciso descobrir logo qual o canal pago que reprisa o #MasterChefBR pra ver o programa de ontem,neutro
2556,#VideoShowAoVivo. Gente esse Cibele é linda ... E que ensaio em linda?! parabéns 👏,positivo
2557,As senhoras tão se achando as SABIDONAS do ferro de passar. Kkkkkk #maisvoce,negativo
2558,#MasterChefBR uma pratada de maniçoba cairia muito bem agora. Devoraria fácil fácil.,neutro
2559,cooomo eu gosto do Murilo... pqp 😂😂😂😂😂👏🏽👏🏽👏🏽 #TheNoite,positivo
2560,o prato do Vitor B ficou ruim MEU DEUS TO PASSANDO MAL NAAAAOOO #MasterChefBR,negativo
2561,A Taís Araújo mandou brigadeiros pra Ana Maria kkkkk #MaisVoce,neutro
2562,"Por mais #Encontro com as Irmãs Galvão, adorei elas.",positivo
2563,NAO TÔ BEM #MasterChefBR,negativo
2564,#thenoite pode preparar o papel higiênico que @user se borrou todo 😂,neutro
2565,Rodrigo Santoro é pessoa que tem filosofia humana e natural. #ConversaComBial,positivo
2566,Jatobá é horrível. #Encontro,negativo
2567,Assintindo o #thenoite @user Rt,neutro
2568,"Claramente torcendo pro time do bem, também conhecido como time azul #MasterChefBR",positivo
2569,Que tensoooooooo cozinhar com plateia! #MasterChefBR,negativo
2570,"A @user foi a única que seguiu o conselho do fogaça. Se eu chego de madrugada em casa, eu vou é misturar é tudo e comer. #MasterChefBr",neutro
2571,Tomara que os cara continue cortando o dedo pra ter provas assim! Hehe #MasterChefBR,positivo
2572,EU N ACREDITO QUE O VITOR B PASSOU POR TUDO AQUILO SEMANA PASSADA PRA SAIR NESSA SEMANA AAAAAAAAAAA VAI SE FERRA #MasterChefBR,negativo
2573,Consolidados - GLOBO (15/05):  #AForçaDoQuerer 31.9 #OsDiasEramAssim 22.4 #TelaQuente 15.8 #JornalDaGlobo 9.2 #ConversaComBial 7.4,neutro
2574,QUE QUE TA COM TESENO EU TO RINDO MUITO AHIHSJHUAUHIHU~IJSJFJ QUE COISA MAROMBEIRA #MasterChefBR,positivo
2575,"EU NÃO TO BEM, JURO. #MasterChefBR",negativo
2576,"Terça (16), séries e realitys da BAND marcaram:  #OsSimpsons 0.7 #MasterChefBR - A Prévia 2.1 #MasterChefBR 6.3 (recorde) #OsSimpsons 1.2",neutro
2577,Cheguei a tempo de ver #ConversaComBial,positivo
2578,a cara dela de decepção com o vestido da Germana #VideoShowAoVivo,negativo
2579,Olá boa tarde Mande um abraço para mim aqui em Teresina todo dia todos os dias assisto Vídeo Show #VideoShowAoVivo,neutro
2580,"@user , minha mãe, dona Juberlita, não perde o #VídeoShowAoVivo e está lhe parabenizando pelo seu aniversário! Felicidades! 🎂🎉",positivo
2581,NÃO GOSTO DE PAGODE💤💤💤💤💤💤 #Encontro,negativo
2582,Falta um tico de confiança nesse Fernando #MasterChefBR,neutro
2583,"@user no #Encontro , como eu amo essa mulher cara",positivo
2584,"#Encontro E até hoje minha família não sabe. Pois ambos eram ""senhores de respeito"". Sinto ódio deles",negativo
2585,"No Pará não se fala ""Dindin"" e sim ""Chopp"". #VideoShowAoVivo",neutro
2586,Eeeeeee Vitor B. vai ficar 🎉🎉🎉🎉 #masterchefBR,positivo
2587,"SÓ NÃO ME CORTA OUTRO DEDO, CARAIO! #MasterChefBR",negativo
2588,O @user tá de volta #VideoShowAoVivo,neutro
2589,"Vitor, no #MasterChefBR: ""sou daqueles que comem um dogão depois da balada""  estou cada vez mais certa de que fomos feitos um pro outro",positivo
2590,A gente na revolução e Ana Maria ensinando a passar roupa no #MaisVoce...  Tá só uns dez anos atrasada essa pauta.,negativo
2591,#VideoShowAoVivo  MUITO BOA TARDE,neutro
2592,Abençoando minha noite com toda sabedoria e fe @user ...Como lhe admiro e aprendo tanto com o Senhor.Obrigada #ConversaComBial,positivo
2593,"#VideoShowAoVivo não gosto da atuação dessa Antônia Morais,a Cléo e bem melhor.",negativo
2594,"""A Mayara tem um negócio assim (...) ahhh vou ter que falar"" hahaha  Coisa de Irmãs #ConversaComBial #MaiaraeMaraisaNoBial @user",neutro
2595,AAAAAAAAAAAAA VANESSA SUA LINDA ❤ @user #Altashoras,positivo
2596,"#masterchefbr aaaa mano Gosto mt do victor, mas nessa ta foda",negativo
2597,a cada ep o vitor b me mata mais um pouco #MasterChefBR,neutro
2598,Pézinho da Paola #MasterChefBR,positivo
2599,Quero muito que o dia da eliminação dos embustes Leonardo e Miriam chegue logo #MasterChefBR,negativo
2600,Já contei una 83392991 cortes de cabelo diferente da Fátima 😂 #VideoShowAoVivo,neutro
2601,UAU @user ❤😍💐  sua linda demais e @user igualmente linda desfilando pelo Projak!!! Obrigado 👏 👏 👏 !!! #VideoShowAoVivo,positivo
2602,"Espero que o clipe passe amanhã logo, porque ""vai passar na semana"" pode ser sexta-feira e até lá não há cu que aguente #DomingoLegal",negativo
2603,Pessoas da novela Carinha de Anjo #DomingoLegal,neutro
2604,Mari Palma é a gril crush de todos. #Encontro,positivo
2605,"Vacilooooooooo, n era p ter saído #MasterChefBR",negativo
2606,Vai começar #MasterChefBR e nem jantei m,neutro
2607,MANA COLOCA O JAMBU JUNTO QUE É SUCESSO !!!!! #MasterchefBR,positivo
2608,mano q nervoso dá ouvir a Nayane. Ela fala pra dentro #MasterChefBR,negativo
2609,#VídeoShowAoVivo  Podia falar do banner pra Fátima Ne  kkk,neutro
2610,Pq #masterchefBr pisa tanto né? Ultimamente é o único programa  de TV que não perco de jeito nenhum,positivo
2611,"Patroa que se mete a fazer serviço que não faz no dia a dia dá nisso,se queima!!!#MaisVoce",negativo
2612,#EDeCasa bom dia Carlos Jr São Luís MA,neutro
2613,Wando no #VideoShowAoVivo com a velha e boa coleção de calcinhas. O cara é um ícone. 😍,positivo
2614,"Gente, se #MChefVitorB sair, Mirian não sai hj 😢😢... #MasterChefBR #MChefVitorB não pode sair.",negativo
2615,Então minha alma gêmea ainda brinca de carrinho e nunca beijou #Encontro,neutro
2616,Eu acho que esse foi o episódio de @user mais lindo que eu já assisti! @user você é incrível! 😍 #MasterChefBR,positivo
2617,chorando d+assistindo o #MasterChefBR de ontem.1°)a prova e o discurso  da @user 🇧🇷2°)pelo o q aconteceu com @user 😭😭😭,negativo
2618,Pq os cara cozinham batata inteira e com a tampa aberta se a água nem fervendo tá e eles tem pouco tempo????? #MasterChefBR,neutro
2619,Sandy sempre maravilhosa ❤ #Encontro,positivo
2620,Acabou a Lu 💔😭 #DomingoLegal,negativo
2621,"Não fui criada falando muito eu te amo,mais com meus filhos tosdos os dias antes dos meus filhos dormir falo para eles #Encontro",neutro
2622,"queria falar que eu tenho um super interesse nesse Vitor B se quiser vim cozinhar pra mim, to aceitando #MasterChefBR",positivo
2623,#MasterChefBR Vitor se deu mau hoje 😨.,negativo
2624,Agora tem o casal @user e @user 😘 no #TheNoite com o @user no @user.,neutro
2625,Eu amo o Arnaldo Antunes. Essa voz 😍 #encontro,positivo
2626,"Acabou o #Encontro, colocaram a abertura do Plantão, cortaram, passaram o oferecimento do Encontro e apareceu o Evaristo..",negativo
2627,#MasterChefBR Aceitem minha amiga ela é dez na cuzinha @user,neutro
2628,Tô tão nervosa que parece até q a primeira vez q vejo elas na TV.. 😅😂😻😻💙 #EDeCasa,positivo
2629,"#MaisVoce posso afirmar que essa é uma tendência que não combina comigo, prefiro muito mais o básico.",negativo
2630,"No meu bairro de Sampa, o geladinho é ""suquinho"". #VideoShowAoVivo @user",neutro
2631,#altashoras quero o Thomás pra mim 💕,positivo
2632,Não posso com esse programa me dá um desespero pqp #EquipeAzul #MasterChefBR,negativo
2633,"#Encontro Acho que quando é dito em relação a preta/preto, o negro não tem que se sentir ofendido, pois ele não é preto ele é negro.",neutro
2634,#APraçaéNossa30anos #TheNoite foda demais,positivo
2635,Namaria poser nem coloriu o cabelo. #MaisVoce,negativo
2636,"Ana Maria traduziu ""despacito"" como dez pacinhos #MaisVoce",neutro
2637,Caetano e Chico buarque  PUTA QUE PARIU!!!!!! 👏🏾👏🏾👏🏾#VideoShowAoVivo,positivo
2638,Gente a Ana Luísa vai ser eliminada do #MasterChefBr pois ja trabalhou num restaurante como cozinheira profissional.  CHOCADO! 😱,negativo
2639,Tem uma menina parecida com a Vitória do Anavitória no Altas Horas hsjshshs #AltasHoras,neutro
2640,"@user: ""O meu tava bom?"" @fogaca_henrique: ""O seu tava!"" @erickjacquin: ""Tava! O seu tava maravilhoso!"" 😍😍😍😍😍😍😍😍😍😍 #MasterChefBR",positivo
2641,Que prova tensa essa!!! Putz!!! #masterChefBr,negativo
2642,Manda um Oi pra mim @user  e @user #VideoShowAoVivo,neutro
2643,Clipe inédito de CDA no #DomingoLegal  Será que é Aquarela?🤔😍,positivo
2644,#EquipeAzul abalando c/ meu psicológico... 😨😨😨 #MasterChefBR,negativo
2645,"""Mamão nessa idade não eh bom não"" 😂😂😂😂😂😂😂😂😂😂😂 #TheNoite #MestreMandou",neutro
2646,"@user no #AltasHoras , linda. Como eu ouvia quando eu tinha treze anos",positivo
2647,Que tipo de pai deixa uma filha de 14 anos namorar e ainda apoia? #Encontro,negativo
2648,O telefone do Zeca tocando no meio da entrevista hahaha #ConversaComBial,neutro
2649,Existe gente linda e talentosa fora do universo da Globo #CarinhadeAnjo #DomingoLegal,positivo
2650,Daqui a pouco começa o Encontro e o programa do Bial nada... #ConversaComBial #MaiaraeMaraisaNoBial @user,negativo
2651,"@user no Amapá  o dim dim de Manaus, aqui é chamado de chopp. #VideoShowAoVivo",neutro
2652,Quero Sophia e Claudia nesse programa também 😍 #ConversaComBial,positivo
2653,Cadê as dançarinas do É o Tchan? #AltasHoras,negativo
2654,#Altashoras O cara das coreografias tá aparecendo mais que o Compadre Washigton e o Beto Jamaica! Kkkkk,neutro
2655,HAHAHAHAHA QUE MULHER MARAVILHOOOOOSA #ENCONTRO,positivo
2656,Que cara lixo esse da plateia do encontro #encontro,negativo
2657,"23h25 - Globo 13.8, SBT 8.2, RecordTV 6.8, Band 6.2 #MasterChefBR",neutro
2658,"Que moça bonita @user, linda @user !! #VideoShowAoVivo",positivo
2659,"Eu queria tá em casa nesse momento, vendo o #VideoShowAoVivo",negativo
2660,"Duvidar, criticar e determinar #ConversaComBial",neutro
2661,#MasterChefBR Fogaça na prévia... Lindooo,positivo
2662,Esse ep ia ser o mlhr se a Miriam tivesse saído  #MasterChefBR,negativo
2663,"Eu iria preferir fazer a sardinha em lata, com toda certeza! #MasterChefBR",neutro
2664,#VideoShowAoVivo esse momento recordações com os artistas são lindos! Seria tão emocionante vermos #ChristianeTorloni nele! 😍😍😍@user,positivo
2665,Que confusão essa essa prova #MasterChefBR,negativo
2666,Oque importa é ficar do seu lado @user #MaiaraeMaraisaNoBial #ConversaComBial,neutro
2667,"Cooooorre, ver meu divo @user no #ÉdeCasa!",positivo
2668,@user @user Que triste a saída do @user ! Ahh não quero mais assistir o @user ! #VoltaVitorB #MasterChefBR,negativo
2669,Miriam tá quietinha #MasterChefBR,neutro
2670,SANDY MARAVILHOSAAAA #Encontro,positivo
2671,Esse João Vicente é um sapão né?! #Encontro,negativo
2672,Cadê a @user no Morning pra falar de #MasterchefBR ??? Queremos Vera comentando tudo e dando vra nos haters #QueremosJustiça,neutro
2673,"Scrr!! Michel Teló falando ""segue o baile"" kkkkkk adorei isso! #VideoShowAoVivo",positivo
2674,Na vida eu sou essa lulu da palmeranea de @user . Indignada c a pantufa de unicórnio da Namaria 😜 #MaisVocê,negativo
2675,Globo Recife (13/05) #CaldeirãoDoHuck 16.7 #Futebol 23.2 #NovoMundo 32.7 #RockStory 33.1 #AForçaDoQuerer 35.0 #Zorra 27.0 #AltasHoras 14.3,neutro
2676,@user @user Maior diva do #MasterChefBR que a gente respeita ❤,positivo
2677,Como assim o Victor saiu do #MasterChefBR? Pra quem vou torcer agora? ☹️,negativo
2678,"Hoje tem doce de abóbora no ""Mais Você"", avisem @user #MaisVoce @user",neutro
2679,Hora da diversão #DomingoLegal,positivo
2680,"#MasterChefBR torta crua, não pode!",negativo
2681,"00h06 - Globo 8.8, Band 6.2, SBT 6.1, RecordTV 5.8 #MasterChefBR",neutro
2682,Só eu que tô shippando o chef convidado Com Douglas? Scr  #MasterChefBR,positivo
2683,"nao sei como aquela mulher aguenta esse homem, Deus me livre, machista #Encontro",negativo
2684,Um olho no #MasterChefBR e o outro no #ConversaComBial,neutro
2685,eu acho Débora muito linda #MasterChefBr,positivo
2686,O cara que mais joga sujo falando sobre o que é justo ou não.  Difícil aturar esse Leonardo. #MasterChefBR,negativo
2687,#MaisVoce..Ana o FGTS não é descontado..é benefício..mas é direito nosso. O meu estava ok,neutro
2688,Jesus amadooooo que clipe é esse... @user não é de Deus só pode... que homem é esse... ele é perfeito D+ gostoso D+ 😻😻 #TheNoite,positivo
2689,"Só isso de Vivianne Pasmanter Ana Maria? A vai tomar no cu, não sabe aproveitar o artista quando vai.  #MaisVoce",negativo
2690,"Ao falar outra língua/idioma, nossa personalidade tb muda um pouco? #ConversaComBial",neutro
2691,A voz da Lucero 😍😍😍 #DomingoLegal,positivo
2692,chorando um pouquinho com essa homenagem à mãe do Serginho #AltasHoras,negativo
2693,Consolidados - GLOBO (12/05):  #ConversaComBial 7.5 #Homeland 6.7 #Corujão I 5.2 #Corujão II 4.0,neutro
2694,Namaria mostrando que nosso unicórnio tá VIVO. 😍✨🦄 // #MaisVoce,positivo
2695,Eu não sou vegetariana mas acho ridículo carnívoro tendo nojinho de carne! E ainda mais quem se diz cozinheiro! #MasterChefBR,negativo
2696,A oração só funciona se for pra nossa senhora de Nazaré #MasterChefBR,neutro
2697,"#VideoShowAoVivo Adoro o profissionalismo, o charme e a espontaneidade da Fátima. Vida longa ao Encontro",positivo
2698,Será que Yoko vai ser a última de novo? #MasterChefBR,negativo
2699,#AltasHoras Alagoas,neutro
2700,"Fátima, essas pernas tá de parabéns viu! 👏👏👏 #VideoShowAoVivo",positivo
2701,Se fosse a Fátima teria convidado só global q apoiou Aecio kkkkk #Encontro,negativo
2702,#MasterChefBR chama o bombeiro ooo,neutro
2703,"Sophia Abrahão chorando, me representou! #AltasHoras",positivo
2704,ei @user cancela o Raul falando asneira e começa o programa mais cedo! estar acordada 2 am numa terça é sacanagem po #MasterChefBR,negativo
2705,Seja gestor de sua própria mente... Augusto Cury  #ConversaComBial,neutro
2706,#VideoShowAoVivo Chico e Caetano.  Demais!!!👏👏👏👏,positivo
2707,"""parecendo uma sacoleira"" HAHAHAHAHAHAHA #VideoShowAoVivo",negativo
2708,"""Vem nim mim, wifi"" kkkkkkkkk que música é essa ???? #VideoShowAoVivo",neutro
2709,Tia Mônica tá lindona !!!! 😻💙 #EDeCasa,positivo
2710,#MasterChefBR nem começou e eu já estou com fome só de ver a Prévia,negativo
2711,se fosse eu eu ia fazer macarrão com sardinha enlatada kkkkkkkk #MasterChefBr,neutro
2712,Só o jeito q o #TheNoite faz os Merchans tem mais graça q certos programas ai,positivo
2713,"Quando a gente pensa q o @user  não pode ser mais ridículo, ele vem com o funk gospel​. kkkkkkkkk #TheNoite",negativo
2714,#Encontro Na maioria das vezes a violencia esta camuflada dentro de casa,neutro
2715,"Ver o Cumpadre Washington dá vontade de dizer ""tutututu pá!"" #eotchannoaltashoras #altashoras",positivo
2716,Cheguei com medo de ler a TL pra não ver spoiler de #MasterChefBR,negativo
2717,180 reais a gente faz sucesso e ainda parcela em 5x #VideoShowAoVivo,neutro
2718,Melhor programa da tarde 👏 #VideoShowAoVivo,positivo
2719,"Quem é pra sair tá ficando, e quem é pra ficar tá saindo 🤔 Não tô entendendo nada #MasterChefBR",negativo
2720,"""Não existe crime q não seja minimamente premeditado!!"" #TheNoite #ChupaDireitosHumanos!",neutro
2721,#VideoShowAoVivo vamos que vamos melhor programa da tarde,positivo
2722,"Que cara mais escroto dizendo que lavar louca não é coisa de homem! Gente, me diz que isso é uma pegadinha desse otario #Encontro",negativo
2723,"ALIMENTO TERMOGÊNICO NÃO EXISTE, GENTE. #MasterChefBR",neutro
2724,A Sophia Abrahão tá me representando muito bem hj no #AltasHoras  Eu tô em lágrimas aqui.,positivo
2725,São Pedro vai devagar aí com a chuva pq a TV já tá querendo sair do ar 😡😡😡😡 #MaiaraeMaraisaNoBial  #ConversaComBial,negativo
2726,Taís Araújo não curtiu essa abóbora  #MasterChefBR,neutro
2727,Olhaaa ela 😍😍#FátimaNoVideoShow #VideoShowAoVivo,positivo
2728,Por que #ConversacomBial passa tão tarde? Pq? 😭,negativo
2729,Mr Catra (@user) falando que vai ser pai pela 33°vez. 😱😱😱😱😱😱😱😱😱😱😱😱😱😱😂😂😂😂😂😂😂😂 #TheNoite @user @user.,neutro
2730,Gente que graça esse filho do Groisman s2 #papapaparalizou #tchan #AltasHoras,positivo
2731,Voltou pra participar da Casa dos Artistas 1 na verdade hahahahah  #TheNoite,negativo
2732,"Duplicou a violência no BR graças ao desarmamento, valeu @user . #TheNoite",neutro
2733,#TheNoite tá foda hoje,positivo
2734,#MasterChefBR detesto sardinha!!!!!,negativo
2735,"E agora? #ConversacomBial com o melhor, o Padre Fabio ou ver quem saiu no #MasterChef",neutro
2736,#VideoshowAoVivo Fátima linda como sempre 😍,positivo
2737,vitor b é o menino que cortou o dedo ele não tem mais nome #MasterChefBr,negativo
2738,o rapaz que ta no programa da Fátima é a cara do johnny depp #Encontro,neutro
2739,"As Galvão são muito engraçadas, já chegaram pedindo beijinho do Tiago 😅 #Encontro",positivo
2740,To achando q o problema é o avental azul #MasterChefBR,negativo
2741,"Milk shake e vaca preta, que manhã #MaisVocê",neutro
2742,@user é o máximo! Adorando esse café!! #MaisVoce,positivo
2743,Estava perdendo o Padre Fabio de Melo na #ConversaComBial,negativo
2744,Tenta me reconhecer No temporal Me espera 🎵🎶  #SandyNoEncontro  #Encontro,neutro
2745,"""Nando Reis fez música para a esposa"" 💙💙💙💙💙💙💙💙💙💙💙💙💙 #NandoReisNoEncontro #encontro",positivo
2746,"Nem vou poder gritar quando passar o clipe, tá cheio de gente aqui em casa 😂 #DomingoLegal",negativo
2747,#MasterChefBR luta agora vai ser um duelo  dos peixes,neutro
2748,imagina que top ser filha da Fátima Bernardes e do William Bonner #encontro,positivo
2749,Será que a Fátima não fica triste por ter tirado a Tv Globinho não ? #VideoShowAoVivo,negativo
2750,Cadê @user gente!? #EDeCasa,neutro
2751,"@user me representa, tb n gosto de abóbora #MaisVoce",positivo
2752,Dá pra ver que a Ana Maria não entende nada do Mr Brown (nem sei se escreve assim) #MaisVoce,negativo
2753,"E o #encontro já começa ao som de ""Aquela dos 30"" 😀 #SandyNoEncontro",neutro
2754,Que cabelo lindo @user 😍 #Encontro,positivo
2755,Repescagem já!!  #MasterChefBR,negativo
2756,Tô muito sentimental hj ainda mais assistindo #altashoras,neutro
2757,"Catra da uma aula de política e depois fala que a nova música dele é ""Ppk chora"" kkkkkkkkk mitooo  #thenoite",positivo
2758,"Meu Deus, tô sofrendo vendo o #MaisVoce",negativo
2759,#VideoShowAoVivo Desculpe chequei e tá certo foram 23 anos abs,neutro
2760,Lua Blanco maravilhosa no #Encontro 😍😍👏👏👏,positivo
2761,"#VideoShowAoVivo convenhamos, a Cibele é muito fresca. Ritinha é linda e espontânea.",negativo
2762,#EquipeAzul pq gostei mais do cardápio e pq a Miriam tá no vermelho #MasterChefBR,neutro
2763,CHARLIE HUNNAM QUE HOMÃO DA PORRA BICHO #TheNoite,positivo
2764,"Comer sapo, quero não! #MasterChefBR",negativo
2765,Fátima Bernardes relembrando momentos da carreira no  #VideoShowAoVivo,neutro
2766,"Fátima Bernardes, sou fã! #videoshowaovivo",positivo
2767,Eu to tremendo  #MasterChefBR,negativo
2768,"Virou doença mandar nude? hm, ata. #Encontro",neutro
2769,Falta pouco  #MasterChefBR  👀💖😋,positivo
2770,"#MasterChefBR aí meu ""coraçaum"" os dois  :(  São uns queridos",negativo
2771,começou bem  hein #Encontro,neutro
2772,"""Africano virou negro quando foi acorrentado"" Nabby arrasando no #Encontro",positivo
2773,Esse embuste desse Leonardo têm que VAZAR hoje!!! #MasterChefBR,negativo
2774,Das 10 novelas que passaram 7 eram do Walcyr #VideoShowAoVivo,neutro
2775,"A @user são demais! Super talentosas e simpáticas!  E ainda mandando ""Como Nossos Pais"", aliás mandaram bem! #ConversaComBial",positivo
2776,Vergonha alheia #Encontro,negativo
2777,#AltasHoras tem um maluco alí dançando mais que a Carla Peres bem no alto da arquibancada 😂😂😂😂,neutro
2778,E eu que chorei com Maiara e Maraisa cantando Como nossos pais abraçadas e emocionadas? #ConversaComBial,positivo
2779,#VideoShowAoVivo Quero que saía rolando a glória pires,negativo
2780,#MasterChefBR Acho que hj não tem a maldição do time azul!!,neutro
2781,JOÃO BRAVO *-* q lindinhoooooo #VideoShowAoVivo,positivo
2782,Vou precisar dormir umas 100 horas pra ver se me recupero do programa de hoje!! #MasterChefBR,negativo
2783,"Ontem (17), os infantis e Talk Show do SBT marcaram:  #MundoDisney 4.3 #BomDiaECia 6.6 #ClubeDoChaves 7.1 #TheNoite @user 4.4",neutro
2784,"#AltasHoras.  Estamos juntos, @user . Minha mãe também era Ana e também brilha no Universo.",positivo
2785,Enquanto uma chora pela saída do Vitor a outra chora por ela mesma. É a vida né #MasterChefBR,negativo
2786,"Ah,tá claro.Se aqui no Brasil voltasse a Monarquia,claro que quem seria o Rei era o Roberto Carlos .  #thenoite",neutro
2787,Nada melhor que um cuscuz com sardinha torrada 😋. #MasterChefBR,positivo
2788,Quando é que a Miriam vai sair do #MasterChefBR ??? Tou farta dela🙄,negativo
2789,Era a Bela Gil no clipe do Tchan?? #AltasHoras hahaha,neutro
2790,@user Tá querendo matar a gente de tanta emoção?? Coisa + linda Laís falando de como via a vida antes e após o acidente! #AltasHoras,positivo
2791,Não aceito a saída da Douglas!!!!! #MasterchefBr,negativo
2792,#MasterChefBR Léo tacou uma maldição sinistra ali,neutro
2793,Interessante analisar a perspectiva de quem é amante na relação. Da uma boa pesquisa antropológica.  #Encontro,positivo
2794,Não acredito que perdi a Viviane Pasmanter #MaisVoce,negativo
2795,"@user pra @user: ""Acho que ela chega na final!"" 😂😂😂😂😂😂😂😂😂😂 #MasterChefBR",neutro
2796,"Otaviano você tá lindo demais, a Sophia também, mostra os looks de vocês um dia, sou apaixonada pelas roupas do Ota #VideoShowAoVivo",positivo
2797,#ConversaComBial O programa está perdendo a mão. Muitos recortes! Começar com os convidados já sentados é péssimo.  Melhora aí #pedrobial,negativo
2798,#videoShowAoVivo- o filho da Juliana era o Zac de Rock Story,neutro
2799,#MasterChefBR Fogaça eh a definição de Homão da Porra 😅,positivo
2800,"#MasterChefBR no H&amp;H Na prova da sardinha, o q eles falam e a gente pode concluir... É q ninguém tem nada formatado na cabeça e sem noçao",negativo
2801,eu tinha desligado a tv dai lembrei do #MasterChefBR parece q alguém não vai dormir cedo hj,neutro
2802,#videoshowaovivo Totia Meirelles é a musa do clipe Guilherme Arantes.,positivo
2803,"Existe a falsa impressão de que o avanço da idade valorize o homem e desvalorize a mulher, o que causa preconceito até hoje. #Encontro",negativo
2804,Vou ver pela primeira vez #ConversaComBial,neutro
2805,Prefiro as mais velhas 😍 Mas tem novinhas q 👏 #Encontro,positivo
2806,Que música sem graça essa da Vanessa da Mata! #altashoras,negativo
2807,João Vicente vai já dá uma cantada na Fátima. #encontro,neutro
2808,#Encontro hj me fazendo ter um momento de reflexão,positivo
2809,Adoro #ConversaComBial Mas dupla caipira é demais pro meu coração abusado pelo dia agitado de hoje. Não dá!! Tenho saco não.,negativo
2810,Após #TheNoite as principais notícias do Brasil e do mundo com @user no #SBTNotícias. Não percam! #RT?!,neutro
2811,Lembrando agora do #masterchefbr e feliz do Vitor ter tido nova chance e continuado,positivo
2812,#MasterChefBR Acho que chegou o momento em que vamos começar a ficar triste com cada eliminação. E a competição vai aumentar.,negativo
2813,Pega a da lata e faz macarrão com sardinha rapidinho #MasterChefBR,neutro
2814,Que lindo a história de Nossa senhora de Fátima 🙏🏽☺️😍  #MaisVoce #BomDia,positivo
2815,Essas eliminações do #MasterChefBr estão acabando com meu psicológico.,negativo
2816,Cadê o Theo? #MaisVocê,neutro
2817,#VideoShowAoVivo amando ver o @user e o @user acompanhados da @user,positivo
2818,Perdi o começo do #FofocalizandoNoSBT vendo #VideoShowAoVivo... O que aconteceu com a filha da Marieta? Alguém me contaaaa!,negativo
2819,"Catra vai ser pai again, novidade nenhuma kfjfondpzmdldmdl #TheNoite",neutro
2820,Vitor é gracinha demais  #MasterChefBR,positivo
2821,"Alguém manda o Leonardo calar a boca, PELO AMOR DE DEUS. #MasterChefBR",negativo
2822,Consolidados - GLOBO (15/05):  #JornalHoje 12.4 #VídeoShowAoVivo 9.6 #SessãoDaTarde 12.1 #SenhoraDoDestino 16.7,neutro
2823,Rodrigo Santoro lindo né #ConversaComBial,positivo
2824,Gente o cabelo e a maquiagem da Ana Maria Braga estão indo para  alguma festa que o resto do corpo não forão convidados 😂😂😂 #MaisVoce,negativo
2825,"Preciso de Rtt gente, SVD e endico vcs   #PrisonBreak #MasterChefBR",neutro
2826,Eu quero chorar com esse neném lindo #AltasHoras,positivo
2827,jairo bouer uma antipatia absoluta desde os tempos do erotica mtv #Encontro,negativo
2828,Vanessa da Matta tá parecendo a Beth Carvalho #altashoras,neutro
2829,#Encontro A música romântica iluminou os rostos de todos no programa da Fárima nesta manhã.,positivo
2830,#MaisVoce @user vídeo da Thaís.Muito indelicado alguém fazer uma comida q alguém não gosta e pior qd exige comer. Programa fraco,negativo
2831,"Patê de sardinha bem temperada com salcinha e cebola no pão de forma, não falha. #MasterChefBR",neutro
2832,O Danilo se batendo no chão 😂😂😂😂😂😂😂😂😂 #TheNoite,positivo
2833,"Sophia não tem opinião pra nada, parece um robô. #VideoShowAoVivo",negativo
2834,DimDim = Sacolé = Gelinho!? Pra mim aquilo é JuJu #VideoShowAoVivo,neutro
2835,"#MaisVocê senhor me perdoe,mas eu amo esse chef gato 😍😍❤❤❤",positivo
2836,Victor B me deixa nervosa em todo episódio #MasterChefBR,negativo
2837,"@user você não sabe fazer nada, então... qualquer coisa que tu pegar é novo. #MasterChefBR",neutro
2838,#MasterChefBR #EquipeAzul entrada linda,positivo
2839,É impressão minha ou quem tá apresentando o #maisvocê hoje é o #supla #papito?! #anamariapaito,negativo
2840,Flora e Donatela no #encontro,neutro
2841,Marcos Pitombo estará no programa #Encontro segunda-feira foi a gente que pediu sim AAAAAAAAAH,positivo
2842,Esse Leonardo está chato demais #MasterChefBR,negativo
2843,Vendo @user no #TheNoite falando de #desarmamento,neutro
2844,Imagens lindas e fotos belíssimas do casamento de @user #DomingoLegal,positivo
2845,Como que a menina diz que a Claudia Raia tava no clipe do É o Tchan?  #AltasHoras  Que lerda,negativo
2846,"Fogaça não consegue decidir se usa ou não os óculos, é tirando e pondo o tempo todo. kkkkkk #MasterChefBR",neutro
2847,"Bom dia, @user . Linda produção visual. Parabéns!   #Encontro.",positivo
2848,"Fiquei triste que o Victor B. saiu. Não queria, mas nem achei que o prato dele tava tão ruim assim. De verdade #MasterChefBR",negativo
2849,Mexeu no peso do homem scr #MasterChefBR,neutro
2850,"#MasterChefBR time azul deu água na boca!! Frango recheado com espinafre, delícia!!!!",positivo
2851,É essa montagem horrível do Vitor B. 😲😬  #MasterChefBr,negativo
2852,"""É muito fácil acabar com a reputação de alguém"" #Encontro",neutro
2853,Tô rindo do Leonardo falando que ia fazer sopa de piroca de boi #MasterChefBR,positivo
2854,1 h da manhã e eu aqui passando nervouso com o #MasterChefBR,negativo
2855,"Na vida sou Sophia, não entendi a piada do Otaviano no #VideoShowAoVivo  #SophiaNoVideoShowAoVivo",neutro
2856,"Exausta, mas hoje tem #MasterChefBR",positivo
2857,Não creiooooooo q o Douglas saiu e não a Mirian ...  Aff  #MasterChefBR,negativo
2858,#TheNoite @user @user  Diguinho não perdoa uma de alguém aí.,neutro
2859,Chorando junto... Adoção ❤ #Encontro,positivo
2860,Ai gente não falem da Yuko 💔 #MasterChefBR,negativo
2861,#MasterChefBR Espero também Miriam,neutro
2862,Esse Léo Regis é um gato.Senhoooooooooor multiplicaaaa hahahahahah #VideoShowAoVivo,positivo
2863,MANA DO CEU! que saída lacradora da porra foi essa do  @user #MasterChefBR 1 bee a menos no programa &lt;/3,negativo
2864,"""Terezinha nunca disse eu te amo"" TEREZINHA É CAPRICORNIANA? #Encontro",neutro
2865,#ConversaComBial hoje é com Pe. Fábio de Melo. Bora perder não gente!!!  @pefabiodemelo @user,positivo
2866,"""quando ela é mais velha"" alô #encontro quando vai ter o dos boy e colocar a madame @user pq homem pode mas mulher nao ne",negativo
2867,Como foi o depoimento do bandido? Já podemos ter uma previsão de quando ele vai ser preso?#LulaNaCadeia #TheNoite,neutro
2868,Camila Queirós sempre lindaaaa #VideoShowAoVivo,positivo
2869,Fé no pai que a Mirian sai #MasterChefBR,negativo
2870,"Ei tchan, alô tchan #AltasHoras",neutro
2871,"Eu PRECISO muito ler esse livro dele, essas histórias me interessam muito #ConversaComBial",positivo
2872,Mas a cliente tá toda cagada de spray hahahahahaha  #MaisVoce,negativo
2873,Já to com meu pacote de macarrão instantâneo na mão para acompanhar o #masterchefbr,neutro
2874,#MasterChefBR ELE CONSEGUIU AI MEU DEUS,positivo
2875,Namaria tá toda afrontosa hoje. Supera miga! Mata uma abóbora por dia! #MaisVocê,negativo
2876,Queria ter essa coragem para pintar o cabelo de colorido #MaisVoce,neutro
2877,A risada da #Nina é a melhor!!  @user @user #TheNoite,positivo
2878,"Só eu que gosto do Leonardo? Agora a Miriam, só por Deus. Ô mulherzinha arrogante. #MasterChefBR",negativo
2879,@user @user Mamão e jaca #MaisVoce,neutro
2880,"Marcela Monteiro sempre muito bem acompanhada, hoje com a gata Paolla Oliveira! #VídeoShowAoVivo",positivo
2881,aí que chatice #Encontro,negativo
2882,A mãe de Sophia Abrahão é a cara de Sheila Mello 😂 #AltasHoras,neutro
2883,A Cearamirinense mais famosa do Brasil no #Edecasa @user ♥ Linda,positivo
2884,#MasterChefBR Gente o Victor B não pode sair,negativo
2885,#VideoShowAoVivo manda um abraço pra minha MÃE no Maranhão que está passando um momento difícil,neutro
2886,Que fofo o Nicolas quando bebe 😍 #VideoShowAoVivo,positivo
2887,"#MasterChefBR Gente, eu ia ficar nervouser, todo mundo olhando pra mim  não sei lidar com isso",negativo
2888,Hj matarei aula e poderei ver #MasterChefBR,neutro
2889,#AltasHoras como não dançar ao som de É o Tchan? Kkk amo!,positivo
2890,"Falar que um prato de comida está horroroso, sem cor e bla bla bla, é sinal que nunca passou fome.  #MasterChefBR",negativo
2891,"Nunca que um Encontro por ex daria espaço pra um cara foda desses, o que importa mesmo é escritor de esquerda  #TheNoite",neutro
2892,#VideoShowAoVivo amo demais,positivo
2893,Erraram a letra omg 😬 #encontro,negativo
2894,"Esse ""tchauzinho"" do Ultraje aí KKK'  #TheNoite",neutro
2895,Gente essas irmãs Galvão são fofas d+! #encontro,positivo
2896,tentei desviar dos comentarios pq eu ainda não vi.. mas já to bad pelo Douglas ter saido :( #MasterChefBR,negativo
2897,Não sabia que essa menina é filha do Nando Reis #Encontro,neutro
2898,#Encontro.  Que foto extraordinária  desta familia! 9 filhos!,positivo
2899,"Ai jesus é agr, q q vai acontecer com vitinho????? N tirem ele nauuum #masterchefbr",negativo
2900,#AltasHoras tinha um conjuntin listrado q as meninas do É O Tchan usavam e eu tinha tb. Um azul e um laranja e queria usar até p ir p escola,neutro
2901,#MasterChefBR @user vem cozinhar aqui em casa meu conterrâneo...juro que não vai ter sardinha.,positivo
2902,Taís Araújo logo cedo ninguém merece #MaisVoce,negativo
2903,Não conheço nenhuma! #VideoShowAoVivo,neutro
2904,Pica esse pênis vai ser cruel na televisão - hahahaha essa yuko #MasterChefBR,positivo
2905,Esse povo do mezanino só atrapalha #MasterChefBR,negativo
2906,#Encontro Tenho um bloqueio enorme com sentimentos,neutro
2907,E essa intro felomenal com o cazalbé no #TheNoite,positivo
2908,"Fátima, expulsa esse machista, PF!? O Twitter agradece! #Encontro",negativo
2909,"Quem é o capitão, Leonardo ou Mirian? #MasterChefBR",neutro
2910,Louco pra chegar em casa e ver o #MaisVoce com homenagem a Hebe! Amo sem mais!🖤🖤🖤🖤🖤🖤,positivo
2911,"#MasterChefBR no H&amp;H A impressão é q a paciencia dos Chefs c/ a @user está esgotando! O risoto dela foi um ""mexidão"" com sabor ... 😛😛😛",negativo
2912,A PAOLA SOU EU  #MasterChefBR,neutro
2913,@user #ConversaComBial Gestor da mente humana .. 😊,positivo
2914,"Esse #MasterChefBR  precisa ter repescagem mano, quero Abel de volta",negativo
2915,"#MasterChefBR não era o dougras 🎶 !!!! Era a Mirian, que não soube fazer nem uma farofa d'água (ou pirão de Louro).",neutro
2916,MEU PARÁ MINHA BELÉM no #MasterChefBR *-*,positivo
2917,#RockStory está sem rumo... está perdida!!! o texto está PÉSSIMO! Parece #Malhação e não novela das sete. @user #VideoShowAoVivo,negativo
2918,"@user , o Joseph Climber da vida real! #MasterChefBR",neutro
2919,O filho do Serginho AAAAAAAAAH! ❤ #AltasHoras,positivo
2920,#thenoite @user  Palmito do cú rosê,negativo
2921,"Fátima falando ""carioquêix""… #VídeoShowAoVivo",neutro
2922,#VideoShowAoVivo Estou Amando @user no @user  😍😍😍😍 ela arrasa @user  @user Amode mais vocês assisto todos os dias,positivo
2923,"""nenhum amigo manda recado onze da noite"" bicho eu mando duas da manhã #VideoShowAoVivo",negativo
2924,Eu shippo demais ana luiza e vitor b. #masterchefbr,neutro
2925,Tão bonitinho o dedé com a Juliana Paes. #VideoShowAoVivo,positivo
2926,Aff! Os melhores memes tão saindo :(  #MasterChefBR  @masterchefbr,negativo
2927,Acho a Juliana Paes um pouco parecida com a Mila Kunis  #VídeoShowAoVivo,neutro
2928,Aqui em casa sardinha enlatada é sucesso naquele bolo salgado #MasterChefBR,positivo
2929,"O pgm teria ficado melhor se Augusto Cury fosse o único entrevistado.O cantor não acrescentou nada útil,só falou bobagens. #ConversaComBial",negativo
2930,Fatima Bernardes sobre o sotaque hahaha coerência profissional #VideoShowAoVivo,neutro
2931,Daqui a pouco tem #VídeoShowAoVivo 😍🙌 A gente já volta pra assistir e comentar com vocês!,positivo
2932,My new list do #MasterChefBR : 1 Yuko 2 Ana Luiza 3 Fabrizio 4 Nayane 5 Victor V.  PELO AMOR DE DEUS TIREM O LEONARDO Q CARA CHATO SOBERBO,negativo
2933,#MaisVoce kkkkkkkkkkkkk Ana Maria de pijama,neutro
2934,Yuko maior tailandesa que voce respeita #FicaYuko  #MasterChefBR,positivo
2935,"Cala a boca Tais, deixa a Andreia falar também. Não responda por ela as perguntas da Namaria. Cruzesss. 😫😵💣👎#MaisVoce",negativo
2936,Bianca e a mamis dela #EDeCasa,neutro
2937,@user o melhor da tv Brasileira!!  #VideoShowAoVivo,positivo
2938,#EuNãoComo nada daquelas vísceras nojentas do último #MasterChefBR 😣😖,negativo
2939,@user @user Suenia vem aqui me abraçar #VideoShowAoVivo,neutro
2940,#VideoShowAoVivo morta q faço aniversário no msm dia do otaaa,positivo
2941,"Os msms q são contra os q fazem lob para o ""clube da bala"", são os q defende quem lucrou milhões fazendo o lob p/ as construtoras. #TheNoite",negativo
2942,Assistindo ao #ConversaComBial!,neutro
2943,Papão bicampeão no #AltasHoras 👏💙,positivo
2944,#MaisVoce tem tanta matéria que está falando de canudos e sua origem,negativo
2945,Vamos Debora e Yuko #MasterChefBR,neutro
2946,Hoje o #AltasHoras tá lindo e muito emocionante... #sábadoemcasa,positivo
2947,"Vanessa da Mata estragou o cabelo, era mais volumoso, mais bonito. #AltasHoras",negativo
2948,#MasterChefBR eu quero a prova de repescagem,neutro
2949,Me fez arrepiar #MaiaraeMaraisa cantando #ElisRegina #PedroBial #ConversaComBial ❤️😍😘🎤🎼,positivo
2950,Enrolaram tanto e agora ta tudo corrido #DomingoLegal,negativo
2951,Se fosse eu ali sozinha com td esse povo olhando fixamente pra mim já teria deixado essas panela cair td no chão #MasterChefBR,neutro
2952,Programa ao vivo é assim 😂 #VideoShowAoVivo,positivo
2953,Mirian ta tão queimada que nem tao dando mais tanto destaque pra ela #MasterchefBR,negativo
2954,EU QUE TINHA TUDO  HOJE ESTOU MUDO ESTOU MUDADO 🎶 #Encontro,neutro
2955,Que família linda. #Encontro,positivo
2956,miriam fingida sim #MasterChefBR,negativo
2957,"@user: ""Agora que o bicho vai pegar!"" 😂😂😂😂😂😂😂😂😂😂 #MasterChefBR",neutro
2958,Irmãs Galvão amores de pessoas. #Encontro #IrmãsGalvao,positivo
2959,Daqui pra frente me avisa com antecedência quem vai sair pra eu me preparar psicologicamente #MasterChefBR,negativo
2960,Lembrei q hj tem #MasterChefBR  e já me deu fome🙄,neutro
2961,"Ahh o #MáquinaDaFama de hj acabou 😥🔥 até segunda, uma ótima semana p/ vc tbm @user 😍🌸🎤, fique agora c/ Charlie Hunnam no #TheNoite!",positivo
2962,"O q é isso? Avisem esses amadores que NÃO PODE PROVAR FRANGO CRU em hipótese alguma, poderia ter matado a equipe azul inteira #MasterChefBR",negativo
2963,não vou bater neurose  não vou bater neurose  não vou bater neurose não vou bater neurose... #VideoShowAoVivo  Meninos mandem um oi pra mim.,neutro
2964,Torcendo pelo Vitor gente. Com dedo cortado merece ficar #MasterChefBR #FicaVitor,positivo
2965,Que saudades do Adnight! Kkkkkk #VideoShowAoVivo,negativo
2966,"#Encontro Acredito  que todas as coisas nao deveriam existir facilidades independente de cor, crença, classes sociais, etc",neutro
2967,"#VideoShowAoVivo tô amando o programa Fátima linda parabéns pelo programa , tá de mais a tarde de hoje com vc sua linda",positivo
2968,Ai que agonia! #MasterChefBR,negativo
2969,"Galera, reprise de #MasterChefBR hoje ás 19h30 no @user, quem perdeu terça na @user, assistam. Rumores de que tá incrível!",neutro
2970,#ConversaComBial o padre @user sambando na cara do Bial. Nota 10,positivo
2971,Ja que nao eh o leo que sai hoje espero que seja a mirian #MasterChefBR,negativo
2972,"Galera do #MaisVoce, tem uma parte do livro de Harry Potter, em que Hagrid pede para os alunos darem torrões de açúcar aos baby unicórnios",neutro
2973,Eu rindo da Sophia fazendo carão no #VideoShowAoVivo kkkkkk  #SophiaNoVídeoShowAoVivo,positivo
2974,#MasterChefBR N ACREDITO Q O DOUGLAS FOI PIOR Q A MIRIAM AF,negativo
2975,#MaisVocê @user vem de pônei segunda feira,neutro
2976,@user Fica em casa!!😉 Vai ter @user no #altashoras 💖,positivo
2977,Se a Mirian ficar e o Douglas sair eu vou me revoltar num grau #MasterChefBR,negativo
2978,#VideoShowAoVivo É a Fátima Bernardes disfarçada. Bjos Joca e Ota.,neutro
2979,O Nelson Xavier fez uma linda participação na reta final de #AnjoMau. #VideoShowAoVivo @user,positivo
2980,pensa em uma dor no coração quando o Vitor cortou o dedo 💔🔪 #MasterChefBr,negativo
2981,@user @user @user Né non? Kkkkkkk abusados mesmo #MasterChefBR,neutro
2982,Quero o look da Namariaa #MaisVoce,positivo
2983,Sério que vão usar knor? Tempero natural não seria bem melhor? Chef usa knor (e coisas do tipo)? #masterchefbr,negativo
2984,Pra você que ligou a tv agora... não é uma pegadinha do Silvio Santos @user #TheNoite,neutro
2985,xô falar: eu tenho uma paixão pelas irmãs galvão ❤️ #Encontro,positivo
2986,"Leonardo capitão da equipe vermelha, só vem a derrota. #MasterChefBR",negativo
2987,"eu tava quase tendo um treco pq nao tava achando masterchef ao vivo, mas é só 22:30 #MasterChefBR",neutro
2988,Ana Maria tá em matando de vontade de comer esses sanduíches doces...que arraso isso 😍 #MaisVocê,positivo
2989,"Esse programa da Fátima é um porre, muito bagunçado, enchem linguiça com assuntos desinteressantes. #Encontro",negativo
2990,assistir esse programa smp me da fome rsrsrs #MasterChefBR,neutro
2991,#MasterChefBR admiro a calma e a classe da @user,positivo
2992,que vergonha desse machista passando vergonha em rede nacional #encontro,negativo
2993,"#AltasHoras foi a única novela q assisti q a Sophia Abraão fez: Malhação. Ela fazia a Felipa, irmã da Domingas.",neutro
2994,Fatima Bernardes com 54 anos desse jeito. Que mulher linda!!!! Que LUZ!!!!! #VideoShowAoVivo,positivo
2995,"AFF, QUANDO A GENTE PENSA QUE A COISA TÁ MELHORANDO VEM SERGINHO DESENTERRANDO DEFUNTO!! # TCHAN NO #ALTASHORAS",negativo
2996,"Comecem a arrotar mortadela, o #thenoite está no ar! XD",neutro
2997,"@user está linda com essa blusa! Parecendo um esquilo voador, mas está linda! 😂😂😂 #VideoShowAoVivo  #VideoShowComSophiaAbrahao",positivo
2998,pqp manooo #MasterChefBR,negativo
2999,#AltasHoras   bora que tem pra hoje ..,neutro
3000,"Prova em equipe, adoro, sempre dá treta!  #MasterChefBR",positivo
3001,"""Eu ODEIO sardinha""   Yuko claramente eu #MasterChefBR",negativo
3002,Em Minas sacolé é chup chup!  #videoshowaovivo,neutro
3003,@user linda no #Encontro,positivo
3004,#Encontro Põe o celular no silencioso vc TÁ AO VIVO ou então desliga isso,negativo
3005,quase afinado o rapaz q ta cantando agora no #AltasHoras no merchin da Mentos,neutro
3006,Sandy cantando o hino Evidências ....vivi pra ver isso ❤️❤️❤️ #SandyNoEncontro #Encontro,positivo
3007,É muita falta de Respeito o #MasterChefBr e o #PowerCouPleBrasil passarem no mesmo dia e horário.,negativo
3008,"#Encontro Meu pai teve 8 irmãos, minha mãe 9, eu Jesue tive 4 irmãos, eu tive 2 filhos, tempos diferentes.",neutro
3009,Eu sei TODAS as músicas do 'É o tchan' haha! #altashoras,positivo
3010,essas coisas acaba cmg #DomingoLegal,negativo
3011,semana que vem é a chance de vários embustes saírem #MasterChefBR,neutro
3012,Como prestar atenção no trabalho sabendo q a @user vai estar no #Encontro ?? ♥️,positivo
3013,"Nayane, Victor V ou Deborah tem que sair hoje minha nossa senhora #MasterChefBR",negativo
3014,"Euuuu, calço 33!! #MaisVoce",neutro
3015,Vitor meu BB ❤❤❤❤❤ #MasterChefBR,positivo
3016,"Yuki parece eu na educação física, a ultima a ser escolhida kkkkk #MasterChefBR",negativo
3017,e esse platinado NaMaria #MaisVoce,neutro
3018,"Lua maravilhosa, segue normal #Encontro",positivo
3019,"Ainda bem que já comi, pq assistir ao @user de estomago vazio não da!!! #MasterChefBR",negativo
3020,Consolidados - GLOBO (18/05):  #JornalHoje 15.5  #VídeoShowAoVivo 12.9 #SessãoDaTarde 11.9 #PlantãoGlobo 12.9 #SessãoDaTarde (cont.) 14.0,neutro
3021,"Amei a camisa do ota. Amo video show, joca tbm ta lindo. #videoshowaovivo",positivo
3022,"Alguém me dize que @user e @user estão na final logo. Ai, meu coração não aguenta essas tretas não, rs. #MasterChefBR",negativo
3023,Será que ravióli de sardinha em conserva fica bom? Vou tentar fazer isso em casa. #MasterChefBR,neutro
3024,@user para presidente do Brasil!  #ConversaComBial #CarênciaPolítica,positivo
3025,Sou de Alagoas e nunca ouvir falar desse MC o.O #VideoShowAoVivo,negativo
3026,"#MasterChefBR sardinhas.. eu jogava no prato, colocava requeijão e servia com torradas. Beijos!!!",neutro
3027,"Maluma , o homem lindo mdssss 😍 #TheNoite",positivo
3028,CADÊEEEEEEEE #DomingoLegal,negativo
3029,Eu achava que todo mundo comia miudos. Minha família deve ser anormal! @user #MasterChefBR,neutro
3030,"Bial: O Diabo existe, Padre? Pe. Fábio: Existe! Existe e tem as suas filiais.  #ConversaComBial SENSACIONAL",positivo
3031,@user acabou os lenços busquei um lençol 😭😭#Encontro,negativo
3032,Deixa eu comentar o ep de #MasterChefBR,neutro
3033,#VideoShowAoVivo Fátima  é guerreira só por ser mãe de 3 de uma vez,positivo
3034,"#MaisVoce está aqui ensinando a passar roupas e os comentários da apresentadora são 'para fazer no terno do marido', 'na camisa do namorado'",negativo
3035,"""vc foi casada?"" ""não"" ""ta ai o segredo da saúde toda"" EU KKKKKKKKKK #Encontro",neutro
3036,Essa Nayane é muito sortuda kkk #MasterChefBR,positivo
3037,"Meu crush saiu, eu tô triste #MasterChefBR",negativo
3038,#ConversaComBial com o Padre Fabio de Melo 👏🏽👏🏽😃🙏🏽  @user,neutro
3039,essa adega do #MasterChefBR é maravilhosa,positivo
3040,MIRIAN FOI DESTAQUE NEGATIVO MEU DEUS DO CEU #MasterchefBr,negativo
3041,"Daqui a pouco às 13hrs, começa o Domingo Legal com elenco de CDA e @user fará para do time roxo 💜 #CDANoDomingoLegal #DomingoLegal",neutro
3042,melhor programa até agora #conversacombial,positivo
3043,"#MaisVoce Namaria é desinformada! FGTS não é descontado, e sim recolhido! Essa mulher só dá bola fora! Volta TV Globinho!",negativo
3044,"Nem otimista, nem pessimista, prefiro ser realista! Não sou de esperar muito, mas tbm não acho q sempre vai dar errado. #Encontro",neutro
3045,"MICHEL TELO RESGATANDO A CULTURA CAIPIRA! #AISIM O POVO BRASILEIRO PRECISA DE EDUCAÇÃO, CULTURA, ESPORTE... #TODOSPELAEDUCACAO #ENCONTRO",positivo
3046,"#masterchefbr Mirian, oh, sucesso procê. A saída é ali no fundo. Brigado por ocê tê vindo, viu ? Bjo.",negativo
3047,Como assim Serginho tá beijando uma mulher? Eu achava que era do vale #altashoras,neutro
3048,@user  gente como a gente.Amooo mais ainda. #Maisvocê,positivo
3049,Só pelo rolê da Mirian hj.. tá demorando! #MasterChefBR,negativo
3050,Quando a mulher vai presa grávida fica com a criança até 6 meses depois o filho vai morar com algum parente ou pra adoção #ConversaComBial,neutro
3051,Esse Oswald de Andrade passava o rodo hein #TheNoite,positivo
3052,Não quero que o Victor saia não. Injusto isso. Acidentes acontecem. #MasterChefBR,negativo
3053,Desde já sou #TeamAzul #MasterChefBR,neutro
3054,@user #MasterChefBR começou! Junto com o jogo da liberta e gsw x spurs. Que terça.,positivo
3055,"Fala de coisas antigas o Joca fica mudo, não sabe nem quem foi Chacrinha. #VideoShowAoVivo",negativo
3056,"Cade @user, @user ?? #ConversaComBial",neutro
3057,O murilo dubla muito melhor. Fim #TheNoite,positivo
3058,Não suporto o Leonardo do #MasterChefBR. Mas querer ofender o cara chamando-o de gordo/orca/gay é um absurdo.,negativo
3059,Gente eu vi uma notícia falando que a Ana Luiza mentiu e que já trabalhou como cozinheira profissional e q foi eliminada será? #MasterChefBR,neutro
3060,"@user Rola dela ir em um talk show? Prefiro o #ProgramadoPorchat do @user, mas pode ser também no #TheNoite do @user.",positivo
3061,"#MasterChefBR no H&amp;H @MChefFabrizio  Como o @user  falou ""Tá com raivinha no coração?"" Mudou muito seu humor, desde o inicio 🤔🤔🤔",negativo
3062,#masterchefbr hoje vai ter só proteína ein gente,neutro
3063,#VideoShowAoVivo adorei a cor e o vestido da Fátima,positivo
